driver,lap_number,lap_time,position,race,aggressiveness,defensive_ability,stamina,total_overtakes,weather
Lewis Hamilton,1.0,84.142,3.0,Emilia Romagna,0.92,0.84,0.92,19.0,Partly cloudy
Lewis Hamilton,2.0,80.226,3.0,Emilia Romagna,0.92,0.84,0.92,19.0,Partly cloudy
Lewis Hamilton,3.0,79.664,3.0,Emilia Romagna,0.92,0.84,0.92,19.0,Partly cloudy
Lewis Hamilton,4.0,79.891,3.0,Emilia Romagna,0.92,0.84,0.92,19.0,Partly cloudy
Lewis Hamilton,5.0,80.183,3.0,Emilia Romagna,0.92,0.84,0.92,19.0,Partly cloudy
Lewis Hamilton,6.0,79.842,3.0,Emilia Romagna,0.92,0.84,0.92,19.0,Partly cloudy
Lewis Hamilton,7.0,79.651,3.0,Emilia Romagna,0.92,0.84,0.92,19.0,Partly cloudy
Lewis Hamilton,8.0,79.443,3.0,Emilia Romagna,0.92,0.84,0.92,19.0,Partly cloudy
Lewis Hamilton,9.0,79.711,3.0,Emilia Romagna,0.92,0.84,0.92,19.0,Partly cloudy
Lewis Hamilton,10.0,79.634,3.0,Emilia Romagna,0.92,0.84,0.92,19.0,Partly cloudy
Lewis Hamilton,11.0,79.136,3.0,Emilia Romagna,0.92,0.84,0.92,19.0,Partly cloudy
Lewis Hamilton,12.0,79.504,3.0,Emilia Romagna,0.92,0.84,0.92,19.0,Partly cloudy
Lewis Hamilton,13.0,79.155,3.0,Emilia Romagna,0.92,0.84,0.92,19.0,Partly cloudy
Lewis Hamilton,14.0,79.207,3.0,Emilia Romagna,0.92,0.84,0.92,19.0,Partly cloudy
Lewis Hamilton,15.0,79.128,3.0,Emilia Romagna,0.92,0.84,0.92,19.0,Partly cloudy
Lewis Hamilton,16.0,79.186,3.0,Emilia Romagna,0.92,0.84,0.92,19.0,Partly cloudy
Lewis Hamilton,17.0,79.133,3.0,Emilia Romagna,0.92,0.84,0.92,19.0,Partly cloudy
Lewis Hamilton,18.0,79.017,2.0,Emilia Romagna,0.92,0.84,0.92,19.0,Partly cloudy
Lewis Hamilton,19.0,78.477,1.0,Emilia Romagna,0.92,0.84,0.92,19.0,Partly cloudy
Lewis Hamilton,20.0,78.544,1.0,Emilia Romagna,0.92,0.84,0.92,19.0,Partly cloudy
Lewis Hamilton,21.0,78.416,1.0,Emilia Romagna,0.92,0.84,0.92,19.0,Partly cloudy
Lewis Hamilton,22.0,78.367,1.0,Emilia Romagna,0.92,0.84,0.92,19.0,Partly cloudy
Lewis Hamilton,23.0,77.83,1.0,Emilia Romagna,0.92,0.84,0.92,19.0,Partly cloudy
Lewis Hamilton,24.0,78.026,1.0,Emilia Romagna,0.92,0.84,0.92,19.0,Partly cloudy
Lewis Hamilton,25.0,78.546,1.0,Emilia Romagna,0.92,0.84,0.92,19.0,Partly cloudy
Lewis Hamilton,26.0,78.671,1.0,Emilia Romagna,0.92,0.84,0.92,19.0,Partly cloudy
Lewis Hamilton,27.0,78.302,1.0,Emilia Romagna,0.92,0.84,0.92,19.0,Partly cloudy
Lewis Hamilton,28.0,78.402,1.0,Emilia Romagna,0.92,0.84,0.92,19.0,Partly cloudy
Lewis Hamilton,29.0,77.502,1.0,Emilia Romagna,0.92,0.84,0.92,19.0,Partly cloudy
Lewis Hamilton,30.0,88.075,1.0,Emilia Romagna,0.92,0.84,0.92,19.0,Partly cloudy
Lewis Hamilton,31.0,103.092,1.0,Emilia Romagna,0.92,0.84,0.92,19.0,Partly cloudy
Lewis Hamilton,32.0,78.326,1.0,Emilia Romagna,0.92,0.84,0.92,19.0,Partly cloudy
Lewis Hamilton,33.0,78.073,1.0,Emilia Romagna,0.92,0.84,0.92,19.0,Partly cloudy
Lewis Hamilton,34.0,78.005,1.0,Emilia Romagna,0.92,0.84,0.92,19.0,Partly cloudy
Lewis Hamilton,35.0,78.286,1.0,Emilia Romagna,0.92,0.84,0.92,19.0,Partly cloudy
Lewis Hamilton,36.0,77.804,1.0,Emilia Romagna,0.92,0.84,0.92,19.0,Partly cloudy
Lewis Hamilton,37.0,77.941,1.0,Emilia Romagna,0.92,0.84,0.92,19.0,Partly cloudy
Lewis Hamilton,38.0,77.848,1.0,Emilia Romagna,0.92,0.84,0.92,19.0,Partly cloudy
Lewis Hamilton,39.0,78.178,1.0,Emilia Romagna,0.92,0.84,0.92,19.0,Partly cloudy
Lewis Hamilton,40.0,78.232,1.0,Emilia Romagna,0.92,0.84,0.92,19.0,Partly cloudy
Lewis Hamilton,41.0,77.901,1.0,Emilia Romagna,0.92,0.84,0.92,19.0,Partly cloudy
Lewis Hamilton,42.0,78.211,1.0,Emilia Romagna,0.92,0.84,0.92,19.0,Partly cloudy
Lewis Hamilton,43.0,78.528,1.0,Emilia Romagna,0.92,0.84,0.92,19.0,Partly cloudy
Lewis Hamilton,44.0,77.706,1.0,Emilia Romagna,0.92,0.84,0.92,19.0,Partly cloudy
Lewis Hamilton,45.0,77.963,1.0,Emilia Romagna,0.92,0.84,0.92,19.0,Partly cloudy
Lewis Hamilton,46.0,78.007,1.0,Emilia Romagna,0.92,0.84,0.92,19.0,Partly cloudy
Lewis Hamilton,47.0,77.853,1.0,Emilia Romagna,0.92,0.84,0.92,19.0,Partly cloudy
Lewis Hamilton,48.0,77.279,1.0,Emilia Romagna,0.92,0.84,0.92,19.0,Partly cloudy
Lewis Hamilton,49.0,77.725,1.0,Emilia Romagna,0.92,0.84,0.92,19.0,Partly cloudy
Lewis Hamilton,50.0,77.744,1.0,Emilia Romagna,0.92,0.84,0.92,19.0,Partly cloudy
Lewis Hamilton,51.0,78.062,1.0,Emilia Romagna,0.92,0.84,0.92,19.0,Partly cloudy
Lewis Hamilton,52.0,139.876,1.0,Emilia Romagna,0.92,0.84,0.92,19.0,Partly cloudy
Lewis Hamilton,53.0,132.185,1.0,Emilia Romagna,0.92,0.84,0.92,19.0,Partly cloudy
Lewis Hamilton,54.0,137.944,1.0,Emilia Romagna,0.92,0.84,0.92,19.0,Partly cloudy
Lewis Hamilton,55.0,133.381,1.0,Emilia Romagna,0.92,0.84,0.92,19.0,Partly cloudy
Lewis Hamilton,56.0,130.241,1.0,Emilia Romagna,0.92,0.84,0.92,19.0,Partly cloudy
Lewis Hamilton,57.0,132.123,1.0,Emilia Romagna,0.92,0.84,0.92,19.0,Partly cloudy
Lewis Hamilton,58.0,77.498,1.0,Emilia Romagna,0.92,0.84,0.92,19.0,Partly cloudy
Lewis Hamilton,59.0,76.644,1.0,Emilia Romagna,0.92,0.84,0.92,19.0,Partly cloudy
Lewis Hamilton,60.0,77.06,1.0,Emilia Romagna,0.92,0.84,0.92,19.0,Partly cloudy
Lewis Hamilton,61.0,76.305,1.0,Emilia Romagna,0.92,0.84,0.92,19.0,Partly cloudy
Lewis Hamilton,62.0,75.914,1.0,Emilia Romagna,0.92,0.84,0.92,19.0,Partly cloudy
Lewis Hamilton,63.0,75.484,1.0,Emilia Romagna,0.92,0.84,0.92,19.0,Partly cloudy
Valtteri Bottas,1.0,81.722,1.0,Emilia Romagna,0.87,0.99,0.74,28.0,Partly cloudy
Valtteri Bottas,2.0,80.55,1.0,Emilia Romagna,0.87,0.99,0.74,28.0,Partly cloudy
Valtteri Bottas,3.0,79.911,1.0,Emilia Romagna,0.87,0.99,0.74,28.0,Partly cloudy
Valtteri Bottas,4.0,79.762,1.0,Emilia Romagna,0.87,0.99,0.74,28.0,Partly cloudy
Valtteri Bottas,5.0,79.518,1.0,Emilia Romagna,0.87,0.99,0.74,28.0,Partly cloudy
Valtteri Bottas,6.0,79.618,1.0,Emilia Romagna,0.87,0.99,0.74,28.0,Partly cloudy
Valtteri Bottas,7.0,79.417,1.0,Emilia Romagna,0.87,0.99,0.74,28.0,Partly cloudy
Valtteri Bottas,8.0,79.563,1.0,Emilia Romagna,0.87,0.99,0.74,28.0,Partly cloudy
Valtteri Bottas,9.0,79.553,1.0,Emilia Romagna,0.87,0.99,0.74,28.0,Partly cloudy
Valtteri Bottas,10.0,79.481,1.0,Emilia Romagna,0.87,0.99,0.74,28.0,Partly cloudy
Valtteri Bottas,11.0,79.069,1.0,Emilia Romagna,0.87,0.99,0.74,28.0,Partly cloudy
Valtteri Bottas,12.0,79.233,1.0,Emilia Romagna,0.87,0.99,0.74,28.0,Partly cloudy
Valtteri Bottas,13.0,79.36,1.0,Emilia Romagna,0.87,0.99,0.74,28.0,Partly cloudy
Valtteri Bottas,14.0,79.209,1.0,Emilia Romagna,0.87,0.99,0.74,28.0,Partly cloudy
Valtteri Bottas,15.0,78.944,1.0,Emilia Romagna,0.87,0.99,0.74,28.0,Partly cloudy
Valtteri Bottas,16.0,78.814,1.0,Emilia Romagna,0.87,0.99,0.74,28.0,Partly cloudy
Valtteri Bottas,17.0,78.799,1.0,Emilia Romagna,0.87,0.99,0.74,28.0,Partly cloudy
Valtteri Bottas,18.0,78.88,1.0,Emilia Romagna,0.87,0.99,0.74,28.0,Partly cloudy
Valtteri Bottas,19.0,82.995,2.0,Emilia Romagna,0.87,0.99,0.74,28.0,Partly cloudy
Valtteri Bottas,20.0,102.512,2.0,Emilia Romagna,0.87,0.99,0.74,28.0,Partly cloudy
Valtteri Bottas,21.0,78.862,2.0,Emilia Romagna,0.87,0.99,0.74,28.0,Partly cloudy
Valtteri Bottas,22.0,78.624,2.0,Emilia Romagna,0.87,0.99,0.74,28.0,Partly cloudy
Valtteri Bottas,23.0,78.708,2.0,Emilia Romagna,0.87,0.99,0.74,28.0,Partly cloudy
Valtteri Bottas,24.0,78.639,2.0,Emilia Romagna,0.87,0.99,0.74,28.0,Partly cloudy
Valtteri Bottas,25.0,78.471,2.0,Emilia Romagna,0.87,0.99,0.74,28.0,Partly cloudy
Valtteri Bottas,26.0,78.6,2.0,Emilia Romagna,0.87,0.99,0.74,28.0,Partly cloudy
Valtteri Bottas,27.0,78.533,2.0,Emilia Romagna,0.87,0.99,0.74,28.0,Partly cloudy
Valtteri Bottas,28.0,78.627,2.0,Emilia Romagna,0.87,0.99,0.74,28.0,Partly cloudy
Valtteri Bottas,29.0,79.152,2.0,Emilia Romagna,0.87,0.99,0.74,28.0,Partly cloudy
Valtteri Bottas,30.0,87.803,2.0,Emilia Romagna,0.87,0.99,0.74,28.0,Partly cloudy
Valtteri Bottas,31.0,78.887,2.0,Emilia Romagna,0.87,0.99,0.74,28.0,Partly cloudy
Valtteri Bottas,32.0,78.895,2.0,Emilia Romagna,0.87,0.99,0.74,28.0,Partly cloudy
Valtteri Bottas,33.0,78.781,2.0,Emilia Romagna,0.87,0.99,0.74,28.0,Partly cloudy
Valtteri Bottas,34.0,78.763,2.0,Emilia Romagna,0.87,0.99,0.74,28.0,Partly cloudy
Valtteri Bottas,35.0,78.737,2.0,Emilia Romagna,0.87,0.99,0.74,28.0,Partly cloudy
Valtteri Bottas,36.0,79.087,2.0,Emilia Romagna,0.87,0.99,0.74,28.0,Partly cloudy
Valtteri Bottas,37.0,78.957,2.0,Emilia Romagna,0.87,0.99,0.74,28.0,Partly cloudy
Valtteri Bottas,38.0,78.554,2.0,Emilia Romagna,0.87,0.99,0.74,28.0,Partly cloudy
Valtteri Bottas,39.0,78.893,2.0,Emilia Romagna,0.87,0.99,0.74,28.0,Partly cloudy
Valtteri Bottas,40.0,78.906,2.0,Emilia Romagna,0.87,0.99,0.74,28.0,Partly cloudy
Valtteri Bottas,41.0,78.493,2.0,Emilia Romagna,0.87,0.99,0.74,28.0,Partly cloudy
Valtteri Bottas,42.0,79.983,2.0,Emilia Romagna,0.87,0.99,0.74,28.0,Partly cloudy
Valtteri Bottas,43.0,80.483,3.0,Emilia Romagna,0.87,0.99,0.74,28.0,Partly cloudy
Valtteri Bottas,44.0,79.076,3.0,Emilia Romagna,0.87,0.99,0.74,28.0,Partly cloudy
Valtteri Bottas,45.0,79.055,3.0,Emilia Romagna,0.87,0.99,0.74,28.0,Partly cloudy
Valtteri Bottas,46.0,78.913,3.0,Emilia Romagna,0.87,0.99,0.74,28.0,Partly cloudy
Valtteri Bottas,47.0,78.936,3.0,Emilia Romagna,0.87,0.99,0.74,28.0,Partly cloudy
Valtteri Bottas,48.0,78.81,3.0,Emilia Romagna,0.87,0.99,0.74,28.0,Partly cloudy
Valtteri Bottas,49.0,78.925,3.0,Emilia Romagna,0.87,0.99,0.74,28.0,Partly cloudy
Valtteri Bottas,50.0,79.713,3.0,Emilia Romagna,0.87,0.99,0.74,28.0,Partly cloudy
Valtteri Bottas,51.0,96.178,2.0,Emilia Romagna,0.87,0.99,0.74,28.0,Partly cloudy
Valtteri Bottas,52.0,121.809,2.0,Emilia Romagna,0.87,0.99,0.74,28.0,Partly cloudy
Valtteri Bottas,53.0,110.151,2.0,Emilia Romagna,0.87,0.99,0.74,28.0,Partly cloudy
Valtteri Bottas,54.0,138.869,2.0,Emilia Romagna,0.87,0.99,0.74,28.0,Partly cloudy
Valtteri Bottas,55.0,132.021,2.0,Emilia Romagna,0.87,0.99,0.74,28.0,Partly cloudy
Valtteri Bottas,56.0,129.668,2.0,Emilia Romagna,0.87,0.99,0.74,28.0,Partly cloudy
Valtteri Bottas,57.0,131.684,2.0,Emilia Romagna,0.87,0.99,0.74,28.0,Partly cloudy
Valtteri Bottas,58.0,77.915,2.0,Emilia Romagna,0.87,0.99,0.74,28.0,Partly cloudy
Valtteri Bottas,59.0,77.311,2.0,Emilia Romagna,0.87,0.99,0.74,28.0,Partly cloudy
Valtteri Bottas,60.0,76.728,2.0,Emilia Romagna,0.87,0.99,0.74,28.0,Partly cloudy
Valtteri Bottas,61.0,77.529,2.0,Emilia Romagna,0.87,0.99,0.74,28.0,Partly cloudy
Valtteri Bottas,62.0,78.672,2.0,Emilia Romagna,0.87,0.99,0.74,28.0,Partly cloudy
Valtteri Bottas,63.0,75.902,2.0,Emilia Romagna,0.87,0.99,0.74,28.0,Partly cloudy
Daniel Ricciardo,1.0,85.406,4.0,Emilia Romagna,0.9,0.84,0.79,28.0,Partly cloudy
Daniel Ricciardo,2.0,81.32,4.0,Emilia Romagna,0.9,0.84,0.79,28.0,Partly cloudy
Daniel Ricciardo,3.0,80.942,4.0,Emilia Romagna,0.9,0.84,0.79,28.0,Partly cloudy
Daniel Ricciardo,4.0,80.861,4.0,Emilia Romagna,0.9,0.84,0.79,28.0,Partly cloudy
Daniel Ricciardo,5.0,80.656,4.0,Emilia Romagna,0.9,0.84,0.79,28.0,Partly cloudy
Daniel Ricciardo,6.0,80.637,4.0,Emilia Romagna,0.9,0.84,0.79,28.0,Partly cloudy
Daniel Ricciardo,7.0,80.622,4.0,Emilia Romagna,0.9,0.84,0.79,28.0,Partly cloudy
Daniel Ricciardo,8.0,80.516,4.0,Emilia Romagna,0.9,0.84,0.79,28.0,Partly cloudy
Daniel Ricciardo,9.0,80.847,4.0,Emilia Romagna,0.9,0.84,0.79,28.0,Partly cloudy
Daniel Ricciardo,10.0,80.884,4.0,Emilia Romagna,0.9,0.84,0.79,28.0,Partly cloudy
Daniel Ricciardo,11.0,80.996,4.0,Emilia Romagna,0.9,0.84,0.79,28.0,Partly cloudy
Daniel Ricciardo,12.0,81.074,4.0,Emilia Romagna,0.9,0.84,0.79,28.0,Partly cloudy
Daniel Ricciardo,13.0,81.007,4.0,Emilia Romagna,0.9,0.84,0.79,28.0,Partly cloudy
Daniel Ricciardo,14.0,85.706,4.0,Emilia Romagna,0.9,0.84,0.79,28.0,Partly cloudy
Daniel Ricciardo,15.0,104.061,10.0,Emilia Romagna,0.9,0.84,0.79,28.0,Partly cloudy
Daniel Ricciardo,16.0,80.531,10.0,Emilia Romagna,0.9,0.84,0.79,28.0,Partly cloudy
Daniel Ricciardo,17.0,80.389,10.0,Emilia Romagna,0.9,0.84,0.79,28.0,Partly cloudy
Daniel Ricciardo,18.0,80.062,9.0,Emilia Romagna,0.9,0.84,0.79,28.0,Partly cloudy
Daniel Ricciardo,19.0,79.914,9.0,Emilia Romagna,0.9,0.84,0.79,28.0,Partly cloudy
Daniel Ricciardo,20.0,79.87,9.0,Emilia Romagna,0.9,0.84,0.79,28.0,Partly cloudy
Daniel Ricciardo,21.0,79.74,9.0,Emilia Romagna,0.9,0.84,0.79,28.0,Partly cloudy
Daniel Ricciardo,22.0,79.455,9.0,Emilia Romagna,0.9,0.84,0.79,28.0,Partly cloudy
Daniel Ricciardo,23.0,79.52,9.0,Emilia Romagna,0.9,0.84,0.79,28.0,Partly cloudy
Daniel Ricciardo,24.0,79.935,9.0,Emilia Romagna,0.9,0.84,0.79,28.0,Partly cloudy
Daniel Ricciardo,25.0,80.205,9.0,Emilia Romagna,0.9,0.84,0.79,28.0,Partly cloudy
Daniel Ricciardo,26.0,80.227,9.0,Emilia Romagna,0.9,0.84,0.79,28.0,Partly cloudy
Daniel Ricciardo,27.0,78.582,8.0,Emilia Romagna,0.9,0.84,0.79,28.0,Partly cloudy
Daniel Ricciardo,28.0,79.773,8.0,Emilia Romagna,0.9,0.84,0.79,28.0,Partly cloudy
Daniel Ricciardo,29.0,80.367,8.0,Emilia Romagna,0.9,0.84,0.79,28.0,Partly cloudy
Daniel Ricciardo,30.0,89.29,8.0,Emilia Romagna,0.9,0.84,0.79,28.0,Partly cloudy
Daniel Ricciardo,31.0,79.215,8.0,Emilia Romagna,0.9,0.84,0.79,28.0,Partly cloudy
Daniel Ricciardo,32.0,79.176,8.0,Emilia Romagna,0.9,0.84,0.79,28.0,Partly cloudy
Daniel Ricciardo,33.0,78.848,8.0,Emilia Romagna,0.9,0.84,0.79,28.0,Partly cloudy
Daniel Ricciardo,34.0,79.412,8.0,Emilia Romagna,0.9,0.84,0.79,28.0,Partly cloudy
Daniel Ricciardo,35.0,79.018,7.0,Emilia Romagna,0.9,0.84,0.79,28.0,Partly cloudy
Daniel Ricciardo,36.0,79.033,7.0,Emilia Romagna,0.9,0.84,0.79,28.0,Partly cloudy
Daniel Ricciardo,37.0,78.808,7.0,Emilia Romagna,0.9,0.84,0.79,28.0,Partly cloudy
Daniel Ricciardo,38.0,78.928,7.0,Emilia Romagna,0.9,0.84,0.79,28.0,Partly cloudy
Daniel Ricciardo,39.0,78.885,7.0,Emilia Romagna,0.9,0.84,0.79,28.0,Partly cloudy
Daniel Ricciardo,40.0,79.019,6.0,Emilia Romagna,0.9,0.84,0.79,28.0,Partly cloudy
Daniel Ricciardo,41.0,79.323,6.0,Emilia Romagna,0.9,0.84,0.79,28.0,Partly cloudy
Daniel Ricciardo,42.0,78.974,6.0,Emilia Romagna,0.9,0.84,0.79,28.0,Partly cloudy
Daniel Ricciardo,43.0,79.15,6.0,Emilia Romagna,0.9,0.84,0.79,28.0,Partly cloudy
Daniel Ricciardo,44.0,78.568,6.0,Emilia Romagna,0.9,0.84,0.79,28.0,Partly cloudy
Daniel Ricciardo,45.0,78.923,6.0,Emilia Romagna,0.9,0.84,0.79,28.0,Partly cloudy
Daniel Ricciardo,46.0,78.764,6.0,Emilia Romagna,0.9,0.84,0.79,28.0,Partly cloudy
Daniel Ricciardo,47.0,78.82,6.0,Emilia Romagna,0.9,0.84,0.79,28.0,Partly cloudy
Daniel Ricciardo,48.0,78.69,6.0,Emilia Romagna,0.9,0.84,0.79,28.0,Partly cloudy
Daniel Ricciardo,49.0,78.65,5.0,Emilia Romagna,0.9,0.84,0.79,28.0,Partly cloudy
Daniel Ricciardo,50.0,78.658,5.0,Emilia Romagna,0.9,0.84,0.79,28.0,Partly cloudy
Daniel Ricciardo,51.0,99.991,4.0,Emilia Romagna,0.9,0.84,0.79,28.0,Partly cloudy
Daniel Ricciardo,52.0,103.451,3.0,Emilia Romagna,0.9,0.84,0.79,28.0,Partly cloudy
Daniel Ricciardo,53.0,94.154,3.0,Emilia Romagna,0.9,0.84,0.79,28.0,Partly cloudy
Daniel Ricciardo,54.0,131.936,3.0,Emilia Romagna,0.9,0.84,0.79,28.0,Partly cloudy
Daniel Ricciardo,55.0,133.693,3.0,Emilia Romagna,0.9,0.84,0.79,28.0,Partly cloudy
Daniel Ricciardo,56.0,129.208,3.0,Emilia Romagna,0.9,0.84,0.79,28.0,Partly cloudy
Daniel Ricciardo,57.0,130.969,3.0,Emilia Romagna,0.9,0.84,0.79,28.0,Partly cloudy
Daniel Ricciardo,58.0,80.784,3.0,Emilia Romagna,0.9,0.84,0.79,28.0,Partly cloudy
Daniel Ricciardo,59.0,78.665,3.0,Emilia Romagna,0.9,0.84,0.79,28.0,Partly cloudy
Daniel Ricciardo,60.0,78.102,3.0,Emilia Romagna,0.9,0.84,0.79,28.0,Partly cloudy
Daniel Ricciardo,61.0,77.901,3.0,Emilia Romagna,0.9,0.84,0.79,28.0,Partly cloudy
Daniel Ricciardo,62.0,77.552,3.0,Emilia Romagna,0.9,0.84,0.79,28.0,Partly cloudy
Daniel Ricciardo,63.0,78.087,3.0,Emilia Romagna,0.9,0.84,0.79,28.0,Partly cloudy
Daniil Kvyat,1.0,88.537,8.0,Emilia Romagna,0.86,0.71,0.66,32.0,Partly cloudy
Daniil Kvyat,2.0,82.177,8.0,Emilia Romagna,0.86,0.71,0.66,32.0,Partly cloudy
Daniil Kvyat,3.0,81.805,8.0,Emilia Romagna,0.86,0.71,0.66,32.0,Partly cloudy
Daniil Kvyat,4.0,80.898,8.0,Emilia Romagna,0.86,0.71,0.66,32.0,Partly cloudy
Daniil Kvyat,5.0,80.95,8.0,Emilia Romagna,0.86,0.71,0.66,32.0,Partly cloudy
Daniil Kvyat,6.0,80.678,8.0,Emilia Romagna,0.86,0.71,0.66,32.0,Partly cloudy
Daniil Kvyat,7.0,80.864,8.0,Emilia Romagna,0.86,0.71,0.66,32.0,Partly cloudy
Daniil Kvyat,8.0,80.888,8.0,Emilia Romagna,0.86,0.71,0.66,32.0,Partly cloudy
Daniil Kvyat,9.0,80.828,7.0,Emilia Romagna,0.86,0.71,0.66,32.0,Partly cloudy
Daniil Kvyat,10.0,80.71,7.0,Emilia Romagna,0.86,0.71,0.66,32.0,Partly cloudy
Daniil Kvyat,11.0,80.341,7.0,Emilia Romagna,0.86,0.71,0.66,32.0,Partly cloudy
Daniil Kvyat,12.0,80.458,7.0,Emilia Romagna,0.86,0.71,0.66,32.0,Partly cloudy
Daniil Kvyat,13.0,80.659,6.0,Emilia Romagna,0.86,0.71,0.66,32.0,Partly cloudy
Daniil Kvyat,14.0,85.002,8.0,Emilia Romagna,0.86,0.71,0.66,32.0,Partly cloudy
Daniil Kvyat,15.0,104.736,13.0,Emilia Romagna,0.86,0.71,0.66,32.0,Partly cloudy
Daniil Kvyat,16.0,80.057,13.0,Emilia Romagna,0.86,0.71,0.66,32.0,Partly cloudy
Daniil Kvyat,17.0,80.421,13.0,Emilia Romagna,0.86,0.71,0.66,32.0,Partly cloudy
Daniil Kvyat,18.0,79.921,12.0,Emilia Romagna,0.86,0.71,0.66,32.0,Partly cloudy
Daniil Kvyat,19.0,79.851,12.0,Emilia Romagna,0.86,0.71,0.66,32.0,Partly cloudy
Daniil Kvyat,20.0,80.098,12.0,Emilia Romagna,0.86,0.71,0.66,32.0,Partly cloudy
Daniil Kvyat,21.0,79.92,12.0,Emilia Romagna,0.86,0.71,0.66,32.0,Partly cloudy
Daniil Kvyat,22.0,79.714,12.0,Emilia Romagna,0.86,0.71,0.66,32.0,Partly cloudy
Daniil Kvyat,23.0,79.704,12.0,Emilia Romagna,0.86,0.71,0.66,32.0,Partly cloudy
Daniil Kvyat,24.0,79.528,12.0,Emilia Romagna,0.86,0.71,0.66,32.0,Partly cloudy
Daniil Kvyat,25.0,79.674,12.0,Emilia Romagna,0.86,0.71,0.66,32.0,Partly cloudy
Daniil Kvyat,26.0,79.858,12.0,Emilia Romagna,0.86,0.71,0.66,32.0,Partly cloudy
Daniil Kvyat,27.0,81.769,11.0,Emilia Romagna,0.86,0.71,0.66,32.0,Partly cloudy
Daniil Kvyat,28.0,79.583,11.0,Emilia Romagna,0.86,0.71,0.66,32.0,Partly cloudy
Daniil Kvyat,29.0,79.691,11.0,Emilia Romagna,0.86,0.71,0.66,32.0,Partly cloudy
Daniil Kvyat,30.0,92.126,11.0,Emilia Romagna,0.86,0.71,0.66,32.0,Partly cloudy
Daniil Kvyat,31.0,79.45,11.0,Emilia Romagna,0.86,0.71,0.66,32.0,Partly cloudy
Daniil Kvyat,32.0,79.115,11.0,Emilia Romagna,0.86,0.71,0.66,32.0,Partly cloudy
Daniil Kvyat,33.0,79.054,11.0,Emilia Romagna,0.86,0.71,0.66,32.0,Partly cloudy
Daniil Kvyat,34.0,79.055,11.0,Emilia Romagna,0.86,0.71,0.66,32.0,Partly cloudy
Daniil Kvyat,35.0,78.934,10.0,Emilia Romagna,0.86,0.71,0.66,32.0,Partly cloudy
Daniil Kvyat,36.0,78.72,10.0,Emilia Romagna,0.86,0.71,0.66,32.0,Partly cloudy
Daniil Kvyat,37.0,78.611,10.0,Emilia Romagna,0.86,0.71,0.66,32.0,Partly cloudy
Daniil Kvyat,38.0,78.751,10.0,Emilia Romagna,0.86,0.71,0.66,32.0,Partly cloudy
Daniil Kvyat,39.0,78.631,10.0,Emilia Romagna,0.86,0.71,0.66,32.0,Partly cloudy
Daniil Kvyat,40.0,78.58,9.0,Emilia Romagna,0.86,0.71,0.66,32.0,Partly cloudy
Daniil Kvyat,41.0,78.549,9.0,Emilia Romagna,0.86,0.71,0.66,32.0,Partly cloudy
Daniil Kvyat,42.0,78.508,9.0,Emilia Romagna,0.86,0.71,0.66,32.0,Partly cloudy
Daniil Kvyat,43.0,78.658,9.0,Emilia Romagna,0.86,0.71,0.66,32.0,Partly cloudy
Daniil Kvyat,44.0,78.543,9.0,Emilia Romagna,0.86,0.71,0.66,32.0,Partly cloudy
Daniil Kvyat,45.0,78.524,9.0,Emilia Romagna,0.86,0.71,0.66,32.0,Partly cloudy
Daniil Kvyat,46.0,78.678,9.0,Emilia Romagna,0.86,0.71,0.66,32.0,Partly cloudy
Daniil Kvyat,47.0,78.678,9.0,Emilia Romagna,0.86,0.71,0.66,32.0,Partly cloudy
Daniil Kvyat,48.0,78.623,9.0,Emilia Romagna,0.86,0.71,0.66,32.0,Partly cloudy
Daniil Kvyat,49.0,78.723,8.0,Emilia Romagna,0.86,0.71,0.66,32.0,Partly cloudy
Daniil Kvyat,50.0,78.411,8.0,Emilia Romagna,0.86,0.71,0.66,32.0,Partly cloudy
Daniil Kvyat,51.0,105.562,8.0,Emilia Romagna,0.86,0.71,0.66,32.0,Partly cloudy
Daniil Kvyat,52.0,119.353,8.0,Emilia Romagna,0.86,0.71,0.66,32.0,Partly cloudy
Daniil Kvyat,53.0,89.686,8.0,Emilia Romagna,0.86,0.71,0.66,32.0,Partly cloudy
Daniil Kvyat,54.0,118.101,7.0,Emilia Romagna,0.86,0.71,0.66,32.0,Partly cloudy
Daniil Kvyat,55.0,132.614,7.0,Emilia Romagna,0.86,0.71,0.66,32.0,Partly cloudy
Daniil Kvyat,56.0,128.425,7.0,Emilia Romagna,0.86,0.71,0.66,32.0,Partly cloudy
Daniil Kvyat,57.0,127.565,7.0,Emilia Romagna,0.86,0.71,0.66,32.0,Partly cloudy
Daniil Kvyat,58.0,79.662,4.0,Emilia Romagna,0.86,0.71,0.66,32.0,Partly cloudy
Daniil Kvyat,59.0,79.028,4.0,Emilia Romagna,0.86,0.71,0.66,32.0,Partly cloudy
Daniil Kvyat,60.0,77.909,4.0,Emilia Romagna,0.86,0.71,0.66,32.0,Partly cloudy
Daniil Kvyat,61.0,77.859,4.0,Emilia Romagna,0.86,0.71,0.66,32.0,Partly cloudy
Daniil Kvyat,62.0,77.666,4.0,Emilia Romagna,0.86,0.71,0.66,32.0,Partly cloudy
Daniil Kvyat,63.0,77.899,4.0,Emilia Romagna,0.86,0.71,0.66,32.0,Partly cloudy
Charles Leclerc,1.0,87.074,6.0,Emilia Romagna,0.91,0.81,0.6,40.0,Partly cloudy
Charles Leclerc,2.0,82.058,6.0,Emilia Romagna,0.91,0.81,0.6,40.0,Partly cloudy
Charles Leclerc,3.0,81.592,6.0,Emilia Romagna,0.91,0.81,0.6,40.0,Partly cloudy
Charles Leclerc,4.0,80.85,6.0,Emilia Romagna,0.91,0.81,0.6,40.0,Partly cloudy
Charles Leclerc,5.0,80.815,6.0,Emilia Romagna,0.91,0.81,0.6,40.0,Partly cloudy
Charles Leclerc,6.0,80.638,6.0,Emilia Romagna,0.91,0.81,0.6,40.0,Partly cloudy
Charles Leclerc,7.0,80.753,6.0,Emilia Romagna,0.91,0.81,0.6,40.0,Partly cloudy
Charles Leclerc,8.0,80.639,5.0,Emilia Romagna,0.91,0.81,0.6,40.0,Partly cloudy
Charles Leclerc,9.0,80.71,5.0,Emilia Romagna,0.91,0.81,0.6,40.0,Partly cloudy
Charles Leclerc,10.0,80.438,5.0,Emilia Romagna,0.91,0.81,0.6,40.0,Partly cloudy
Charles Leclerc,11.0,80.403,5.0,Emilia Romagna,0.91,0.81,0.6,40.0,Partly cloudy
Charles Leclerc,12.0,80.494,5.0,Emilia Romagna,0.91,0.81,0.6,40.0,Partly cloudy
Charles Leclerc,13.0,84.915,7.0,Emilia Romagna,0.91,0.81,0.6,40.0,Partly cloudy
Charles Leclerc,14.0,104.016,13.0,Emilia Romagna,0.91,0.81,0.6,40.0,Partly cloudy
Charles Leclerc,15.0,81.189,11.0,Emilia Romagna,0.91,0.81,0.6,40.0,Partly cloudy
Charles Leclerc,16.0,80.77,11.0,Emilia Romagna,0.91,0.81,0.6,40.0,Partly cloudy
Charles Leclerc,17.0,80.186,11.0,Emilia Romagna,0.91,0.81,0.6,40.0,Partly cloudy
Charles Leclerc,18.0,80.005,10.0,Emilia Romagna,0.91,0.81,0.6,40.0,Partly cloudy
Charles Leclerc,19.0,80.201,10.0,Emilia Romagna,0.91,0.81,0.6,40.0,Partly cloudy
Charles Leclerc,20.0,79.937,10.0,Emilia Romagna,0.91,0.81,0.6,40.0,Partly cloudy
Charles Leclerc,21.0,79.714,10.0,Emilia Romagna,0.91,0.81,0.6,40.0,Partly cloudy
Charles Leclerc,22.0,79.867,10.0,Emilia Romagna,0.91,0.81,0.6,40.0,Partly cloudy
Charles Leclerc,23.0,79.407,10.0,Emilia Romagna,0.91,0.81,0.6,40.0,Partly cloudy
Charles Leclerc,24.0,79.471,10.0,Emilia Romagna,0.91,0.81,0.6,40.0,Partly cloudy
Charles Leclerc,25.0,79.943,10.0,Emilia Romagna,0.91,0.81,0.6,40.0,Partly cloudy
Charles Leclerc,26.0,80.284,10.0,Emilia Romagna,0.91,0.81,0.6,40.0,Partly cloudy
Charles Leclerc,27.0,80.792,9.0,Emilia Romagna,0.91,0.81,0.6,40.0,Partly cloudy
Charles Leclerc,28.0,79.35,9.0,Emilia Romagna,0.91,0.81,0.6,40.0,Partly cloudy
Charles Leclerc,29.0,79.748,9.0,Emilia Romagna,0.91,0.81,0.6,40.0,Partly cloudy
Charles Leclerc,30.0,89.709,9.0,Emilia Romagna,0.91,0.81,0.6,40.0,Partly cloudy
Charles Leclerc,31.0,79.269,9.0,Emilia Romagna,0.91,0.81,0.6,40.0,Partly cloudy
Charles Leclerc,32.0,79.167,9.0,Emilia Romagna,0.91,0.81,0.6,40.0,Partly cloudy
Charles Leclerc,33.0,79.062,9.0,Emilia Romagna,0.91,0.81,0.6,40.0,Partly cloudy
Charles Leclerc,34.0,79.202,9.0,Emilia Romagna,0.91,0.81,0.6,40.0,Partly cloudy
Charles Leclerc,35.0,79.028,8.0,Emilia Romagna,0.91,0.81,0.6,40.0,Partly cloudy
Charles Leclerc,36.0,78.817,8.0,Emilia Romagna,0.91,0.81,0.6,40.0,Partly cloudy
Charles Leclerc,37.0,78.874,8.0,Emilia Romagna,0.91,0.81,0.6,40.0,Partly cloudy
Charles Leclerc,38.0,78.859,8.0,Emilia Romagna,0.91,0.81,0.6,40.0,Partly cloudy
Charles Leclerc,39.0,78.764,8.0,Emilia Romagna,0.91,0.81,0.6,40.0,Partly cloudy
Charles Leclerc,40.0,78.817,7.0,Emilia Romagna,0.91,0.81,0.6,40.0,Partly cloudy
Charles Leclerc,41.0,79.153,7.0,Emilia Romagna,0.91,0.81,0.6,40.0,Partly cloudy
Charles Leclerc,42.0,78.784,7.0,Emilia Romagna,0.91,0.81,0.6,40.0,Partly cloudy
Charles Leclerc,43.0,78.874,7.0,Emilia Romagna,0.91,0.81,0.6,40.0,Partly cloudy
Charles Leclerc,44.0,78.681,7.0,Emilia Romagna,0.91,0.81,0.6,40.0,Partly cloudy
Charles Leclerc,45.0,78.767,7.0,Emilia Romagna,0.91,0.81,0.6,40.0,Partly cloudy
Charles Leclerc,46.0,78.728,7.0,Emilia Romagna,0.91,0.81,0.6,40.0,Partly cloudy
Charles Leclerc,47.0,78.727,7.0,Emilia Romagna,0.91,0.81,0.6,40.0,Partly cloudy
Charles Leclerc,48.0,78.934,7.0,Emilia Romagna,0.91,0.81,0.6,40.0,Partly cloudy
Charles Leclerc,49.0,78.688,6.0,Emilia Romagna,0.91,0.81,0.6,40.0,Partly cloudy
Charles Leclerc,50.0,78.556,6.0,Emilia Romagna,0.91,0.81,0.6,40.0,Partly cloudy
Charles Leclerc,51.0,101.293,5.0,Emilia Romagna,0.91,0.81,0.6,40.0,Partly cloudy
Charles Leclerc,52.0,102.443,4.0,Emilia Romagna,0.91,0.81,0.6,40.0,Partly cloudy
Charles Leclerc,53.0,96.598,4.0,Emilia Romagna,0.91,0.81,0.6,40.0,Partly cloudy
Charles Leclerc,54.0,129.724,4.0,Emilia Romagna,0.91,0.81,0.6,40.0,Partly cloudy
Charles Leclerc,55.0,134.215,4.0,Emilia Romagna,0.91,0.81,0.6,40.0,Partly cloudy
Charles Leclerc,56.0,128.057,4.0,Emilia Romagna,0.91,0.81,0.6,40.0,Partly cloudy
Charles Leclerc,57.0,130.261,4.0,Emilia Romagna,0.91,0.81,0.6,40.0,Partly cloudy
Charles Leclerc,58.0,82.164,5.0,Emilia Romagna,0.91,0.81,0.6,40.0,Partly cloudy
Charles Leclerc,59.0,79.236,5.0,Emilia Romagna,0.91,0.81,0.6,40.0,Partly cloudy
Charles Leclerc,60.0,78.826,5.0,Emilia Romagna,0.91,0.81,0.6,40.0,Partly cloudy
Charles Leclerc,61.0,78.235,5.0,Emilia Romagna,0.91,0.81,0.6,40.0,Partly cloudy
Charles Leclerc,62.0,78.173,5.0,Emilia Romagna,0.91,0.81,0.6,40.0,Partly cloudy
Charles Leclerc,63.0,78.597,5.0,Emilia Romagna,0.91,0.81,0.6,40.0,Partly cloudy
Sergio Perez,1.0,90.196,11.0,Emilia Romagna,0.9,0.76,0.8,57.0,Partly cloudy
Sergio Perez,2.0,82.917,11.0,Emilia Romagna,0.9,0.76,0.8,57.0,Partly cloudy
Sergio Perez,3.0,81.803,11.0,Emilia Romagna,0.9,0.76,0.8,57.0,Partly cloudy
Sergio Perez,4.0,81.363,11.0,Emilia Romagna,0.9,0.76,0.8,57.0,Partly cloudy
Sergio Perez,5.0,81.12,11.0,Emilia Romagna,0.9,0.76,0.8,57.0,Partly cloudy
Sergio Perez,6.0,81.082,11.0,Emilia Romagna,0.9,0.76,0.8,57.0,Partly cloudy
Sergio Perez,7.0,81.442,11.0,Emilia Romagna,0.9,0.76,0.8,57.0,Partly cloudy
Sergio Perez,8.0,80.97,11.0,Emilia Romagna,0.9,0.76,0.8,57.0,Partly cloudy
Sergio Perez,9.0,80.651,10.0,Emilia Romagna,0.9,0.76,0.8,57.0,Partly cloudy
Sergio Perez,10.0,80.635,10.0,Emilia Romagna,0.9,0.76,0.8,57.0,Partly cloudy
Sergio Perez,11.0,80.924,10.0,Emilia Romagna,0.9,0.76,0.8,57.0,Partly cloudy
Sergio Perez,12.0,80.708,10.0,Emilia Romagna,0.9,0.76,0.8,57.0,Partly cloudy
Sergio Perez,13.0,81.008,9.0,Emilia Romagna,0.9,0.76,0.8,57.0,Partly cloudy
Sergio Perez,14.0,79.367,7.0,Emilia Romagna,0.9,0.76,0.8,57.0,Partly cloudy
Sergio Perez,15.0,80.109,5.0,Emilia Romagna,0.9,0.76,0.8,57.0,Partly cloudy
Sergio Perez,16.0,79.982,5.0,Emilia Romagna,0.9,0.76,0.8,57.0,Partly cloudy
Sergio Perez,17.0,80.104,4.0,Emilia Romagna,0.9,0.76,0.8,57.0,Partly cloudy
Sergio Perez,18.0,79.773,4.0,Emilia Romagna,0.9,0.76,0.8,57.0,Partly cloudy
Sergio Perez,19.0,79.603,4.0,Emilia Romagna,0.9,0.76,0.8,57.0,Partly cloudy
Sergio Perez,20.0,79.137,4.0,Emilia Romagna,0.9,0.76,0.8,57.0,Partly cloudy
Sergio Perez,21.0,78.903,4.0,Emilia Romagna,0.9,0.76,0.8,57.0,Partly cloudy
Sergio Perez,22.0,78.902,4.0,Emilia Romagna,0.9,0.76,0.8,57.0,Partly cloudy
Sergio Perez,23.0,78.894,4.0,Emilia Romagna,0.9,0.76,0.8,57.0,Partly cloudy
Sergio Perez,24.0,78.816,4.0,Emilia Romagna,0.9,0.76,0.8,57.0,Partly cloudy
Sergio Perez,25.0,78.849,4.0,Emilia Romagna,0.9,0.76,0.8,57.0,Partly cloudy
Sergio Perez,26.0,79.13,4.0,Emilia Romagna,0.9,0.76,0.8,57.0,Partly cloudy
Sergio Perez,27.0,83.796,4.0,Emilia Romagna,0.9,0.76,0.8,57.0,Partly cloudy
Sergio Perez,28.0,101.771,7.0,Emilia Romagna,0.9,0.76,0.8,57.0,Partly cloudy
Sergio Perez,29.0,79.017,7.0,Emilia Romagna,0.9,0.76,0.8,57.0,Partly cloudy
Sergio Perez,30.0,88.212,7.0,Emilia Romagna,0.9,0.76,0.8,57.0,Partly cloudy
Sergio Perez,31.0,78.777,7.0,Emilia Romagna,0.9,0.76,0.8,57.0,Partly cloudy
Sergio Perez,32.0,78.838,7.0,Emilia Romagna,0.9,0.76,0.8,57.0,Partly cloudy
Sergio Perez,33.0,78.692,7.0,Emilia Romagna,0.9,0.76,0.8,57.0,Partly cloudy
Sergio Perez,34.0,78.89,6.0,Emilia Romagna,0.9,0.76,0.8,57.0,Partly cloudy
Sergio Perez,35.0,78.765,6.0,Emilia Romagna,0.9,0.76,0.8,57.0,Partly cloudy
Sergio Perez,36.0,78.524,6.0,Emilia Romagna,0.9,0.76,0.8,57.0,Partly cloudy
Sergio Perez,37.0,78.442,6.0,Emilia Romagna,0.9,0.76,0.8,57.0,Partly cloudy
Sergio Perez,38.0,78.744,6.0,Emilia Romagna,0.9,0.76,0.8,57.0,Partly cloudy
Sergio Perez,39.0,78.744,6.0,Emilia Romagna,0.9,0.76,0.8,57.0,Partly cloudy
Sergio Perez,40.0,78.391,5.0,Emilia Romagna,0.9,0.76,0.8,57.0,Partly cloudy
Sergio Perez,41.0,78.659,5.0,Emilia Romagna,0.9,0.76,0.8,57.0,Partly cloudy
Sergio Perez,42.0,78.666,5.0,Emilia Romagna,0.9,0.76,0.8,57.0,Partly cloudy
Sergio Perez,43.0,79.025,5.0,Emilia Romagna,0.9,0.76,0.8,57.0,Partly cloudy
Sergio Perez,44.0,79.219,5.0,Emilia Romagna,0.9,0.76,0.8,57.0,Partly cloudy
Sergio Perez,45.0,79.04,5.0,Emilia Romagna,0.9,0.76,0.8,57.0,Partly cloudy
Sergio Perez,46.0,79.048,5.0,Emilia Romagna,0.9,0.76,0.8,57.0,Partly cloudy
Sergio Perez,47.0,78.678,5.0,Emilia Romagna,0.9,0.76,0.8,57.0,Partly cloudy
Sergio Perez,48.0,79.134,4.0,Emilia Romagna,0.9,0.76,0.8,57.0,Partly cloudy
Sergio Perez,49.0,78.084,4.0,Emilia Romagna,0.9,0.76,0.8,57.0,Partly cloudy
Sergio Perez,50.0,78.326,4.0,Emilia Romagna,0.9,0.76,0.8,57.0,Partly cloudy
Sergio Perez,51.0,102.01,3.0,Emilia Romagna,0.9,0.76,0.8,57.0,Partly cloudy
Sergio Perez,52.0,121.366,7.0,Emilia Romagna,0.9,0.76,0.8,57.0,Partly cloudy
Sergio Perez,53.0,94.033,7.0,Emilia Romagna,0.9,0.76,0.8,57.0,Partly cloudy
Sergio Perez,54.0,124.352,6.0,Emilia Romagna,0.9,0.76,0.8,57.0,Partly cloudy
Sergio Perez,55.0,134.017,6.0,Emilia Romagna,0.9,0.76,0.8,57.0,Partly cloudy
Sergio Perez,56.0,127.986,6.0,Emilia Romagna,0.9,0.76,0.8,57.0,Partly cloudy
Sergio Perez,57.0,129.78,6.0,Emilia Romagna,0.9,0.76,0.8,57.0,Partly cloudy
Sergio Perez,58.0,81.416,6.0,Emilia Romagna,0.9,0.76,0.8,57.0,Partly cloudy
Sergio Perez,59.0,79.379,6.0,Emilia Romagna,0.9,0.76,0.8,57.0,Partly cloudy
Sergio Perez,60.0,78.858,6.0,Emilia Romagna,0.9,0.76,0.8,57.0,Partly cloudy
Sergio Perez,61.0,78.386,6.0,Emilia Romagna,0.9,0.76,0.8,57.0,Partly cloudy
Sergio Perez,62.0,78.11,6.0,Emilia Romagna,0.9,0.76,0.8,57.0,Partly cloudy
Sergio Perez,63.0,78.519,6.0,Emilia Romagna,0.9,0.76,0.8,57.0,Partly cloudy
Carlos Sainz,1.0,89.742,10.0,Emilia Romagna,0.0,0.0,0.0,42.0,Partly cloudy
Carlos Sainz,2.0,82.612,10.0,Emilia Romagna,0.0,0.0,0.0,42.0,Partly cloudy
Carlos Sainz,3.0,81.729,10.0,Emilia Romagna,0.0,0.0,0.0,42.0,Partly cloudy
Carlos Sainz,4.0,81.396,10.0,Emilia Romagna,0.0,0.0,0.0,42.0,Partly cloudy
Carlos Sainz,5.0,80.918,10.0,Emilia Romagna,0.0,0.0,0.0,42.0,Partly cloudy
Carlos Sainz,6.0,80.102,9.0,Emilia Romagna,0.0,0.0,0.0,42.0,Partly cloudy
Carlos Sainz,7.0,80.791,9.0,Emilia Romagna,0.0,0.0,0.0,42.0,Partly cloudy
Carlos Sainz,8.0,80.72,9.0,Emilia Romagna,0.0,0.0,0.0,42.0,Partly cloudy
Carlos Sainz,9.0,80.832,8.0,Emilia Romagna,0.0,0.0,0.0,42.0,Partly cloudy
Carlos Sainz,10.0,80.947,8.0,Emilia Romagna,0.0,0.0,0.0,42.0,Partly cloudy
Carlos Sainz,11.0,80.704,8.0,Emilia Romagna,0.0,0.0,0.0,42.0,Partly cloudy
Carlos Sainz,12.0,80.833,8.0,Emilia Romagna,0.0,0.0,0.0,42.0,Partly cloudy
Carlos Sainz,13.0,80.623,8.0,Emilia Romagna,0.0,0.0,0.0,42.0,Partly cloudy
Carlos Sainz,14.0,80.196,5.0,Emilia Romagna,0.0,0.0,0.0,42.0,Partly cloudy
Carlos Sainz,15.0,80.156,4.0,Emilia Romagna,0.0,0.0,0.0,42.0,Partly cloudy
Carlos Sainz,16.0,80.43,4.0,Emilia Romagna,0.0,0.0,0.0,42.0,Partly cloudy
Carlos Sainz,17.0,84.439,5.0,Emilia Romagna,0.0,0.0,0.0,42.0,Partly cloudy
Carlos Sainz,18.0,103.956,13.0,Emilia Romagna,0.0,0.0,0.0,42.0,Partly cloudy
Carlos Sainz,19.0,79.791,13.0,Emilia Romagna,0.0,0.0,0.0,42.0,Partly cloudy
Carlos Sainz,20.0,79.711,13.0,Emilia Romagna,0.0,0.0,0.0,42.0,Partly cloudy
Carlos Sainz,21.0,79.919,13.0,Emilia Romagna,0.0,0.0,0.0,42.0,Partly cloudy
Carlos Sainz,22.0,79.453,13.0,Emilia Romagna,0.0,0.0,0.0,42.0,Partly cloudy
Carlos Sainz,23.0,79.982,13.0,Emilia Romagna,0.0,0.0,0.0,42.0,Partly cloudy
Carlos Sainz,24.0,79.414,13.0,Emilia Romagna,0.0,0.0,0.0,42.0,Partly cloudy
Carlos Sainz,25.0,80.43,13.0,Emilia Romagna,0.0,0.0,0.0,42.0,Partly cloudy
Carlos Sainz,26.0,79.838,13.0,Emilia Romagna,0.0,0.0,0.0,42.0,Partly cloudy
Carlos Sainz,27.0,80.665,12.0,Emilia Romagna,0.0,0.0,0.0,42.0,Partly cloudy
Carlos Sainz,28.0,80.026,12.0,Emilia Romagna,0.0,0.0,0.0,42.0,Partly cloudy
Carlos Sainz,29.0,80.356,12.0,Emilia Romagna,0.0,0.0,0.0,42.0,Partly cloudy
Carlos Sainz,30.0,91.363,12.0,Emilia Romagna,0.0,0.0,0.0,42.0,Partly cloudy
Carlos Sainz,31.0,79.748,12.0,Emilia Romagna,0.0,0.0,0.0,42.0,Partly cloudy
Carlos Sainz,32.0,79.643,12.0,Emilia Romagna,0.0,0.0,0.0,42.0,Partly cloudy
Carlos Sainz,33.0,79.101,12.0,Emilia Romagna,0.0,0.0,0.0,42.0,Partly cloudy
Carlos Sainz,34.0,79.036,12.0,Emilia Romagna,0.0,0.0,0.0,42.0,Partly cloudy
Carlos Sainz,35.0,79.012,11.0,Emilia Romagna,0.0,0.0,0.0,42.0,Partly cloudy
Carlos Sainz,36.0,78.795,11.0,Emilia Romagna,0.0,0.0,0.0,42.0,Partly cloudy
Carlos Sainz,37.0,78.55,11.0,Emilia Romagna,0.0,0.0,0.0,42.0,Partly cloudy
Carlos Sainz,38.0,78.518,11.0,Emilia Romagna,0.0,0.0,0.0,42.0,Partly cloudy
Carlos Sainz,39.0,78.828,11.0,Emilia Romagna,0.0,0.0,0.0,42.0,Partly cloudy
Carlos Sainz,40.0,78.726,10.0,Emilia Romagna,0.0,0.0,0.0,42.0,Partly cloudy
Carlos Sainz,41.0,78.817,10.0,Emilia Romagna,0.0,0.0,0.0,42.0,Partly cloudy
Carlos Sainz,42.0,78.708,10.0,Emilia Romagna,0.0,0.0,0.0,42.0,Partly cloudy
Carlos Sainz,43.0,78.585,10.0,Emilia Romagna,0.0,0.0,0.0,42.0,Partly cloudy
Carlos Sainz,44.0,78.334,10.0,Emilia Romagna,0.0,0.0,0.0,42.0,Partly cloudy
Carlos Sainz,45.0,78.448,10.0,Emilia Romagna,0.0,0.0,0.0,42.0,Partly cloudy
Carlos Sainz,46.0,78.501,10.0,Emilia Romagna,0.0,0.0,0.0,42.0,Partly cloudy
Carlos Sainz,47.0,78.405,10.0,Emilia Romagna,0.0,0.0,0.0,42.0,Partly cloudy
Carlos Sainz,48.0,78.392,10.0,Emilia Romagna,0.0,0.0,0.0,42.0,Partly cloudy
Carlos Sainz,49.0,78.761,9.0,Emilia Romagna,0.0,0.0,0.0,42.0,Partly cloudy
Carlos Sainz,50.0,78.269,9.0,Emilia Romagna,0.0,0.0,0.0,42.0,Partly cloudy
Carlos Sainz,51.0,105.674,9.0,Emilia Romagna,0.0,0.0,0.0,42.0,Partly cloudy
Carlos Sainz,52.0,120.167,9.0,Emilia Romagna,0.0,0.0,0.0,42.0,Partly cloudy
Carlos Sainz,53.0,90.41,9.0,Emilia Romagna,0.0,0.0,0.0,42.0,Partly cloudy
Carlos Sainz,54.0,116.542,8.0,Emilia Romagna,0.0,0.0,0.0,42.0,Partly cloudy
Carlos Sainz,55.0,132.958,8.0,Emilia Romagna,0.0,0.0,0.0,42.0,Partly cloudy
Carlos Sainz,56.0,129.107,8.0,Emilia Romagna,0.0,0.0,0.0,42.0,Partly cloudy
Carlos Sainz,57.0,125.782,8.0,Emilia Romagna,0.0,0.0,0.0,42.0,Partly cloudy
Carlos Sainz,58.0,81.762,7.0,Emilia Romagna,0.0,0.0,0.0,42.0,Partly cloudy
Carlos Sainz,59.0,79.215,7.0,Emilia Romagna,0.0,0.0,0.0,42.0,Partly cloudy
Carlos Sainz,60.0,79.035,7.0,Emilia Romagna,0.0,0.0,0.0,42.0,Partly cloudy
Carlos Sainz,61.0,78.487,7.0,Emilia Romagna,0.0,0.0,0.0,42.0,Partly cloudy
Carlos Sainz,62.0,78.118,7.0,Emilia Romagna,0.0,0.0,0.0,42.0,Partly cloudy
Carlos Sainz,63.0,78.152,7.0,Emilia Romagna,0.0,0.0,0.0,42.0,Partly cloudy
Lando Norris,1.0,89.178,9.0,Emilia Romagna,0.9,0.93,0.57,36.0,Partly cloudy
Lando Norris,2.0,82.509,9.0,Emilia Romagna,0.9,0.93,0.57,36.0,Partly cloudy
Lando Norris,3.0,81.694,9.0,Emilia Romagna,0.9,0.93,0.57,36.0,Partly cloudy
Lando Norris,4.0,81.372,9.0,Emilia Romagna,0.9,0.93,0.57,36.0,Partly cloudy
Lando Norris,5.0,81.115,9.0,Emilia Romagna,0.9,0.93,0.57,36.0,Partly cloudy
Lando Norris,6.0,81.994,10.0,Emilia Romagna,0.9,0.93,0.57,36.0,Partly cloudy
Lando Norris,7.0,80.874,10.0,Emilia Romagna,0.9,0.93,0.57,36.0,Partly cloudy
Lando Norris,8.0,80.961,10.0,Emilia Romagna,0.9,0.93,0.57,36.0,Partly cloudy
Lando Norris,9.0,80.764,9.0,Emilia Romagna,0.9,0.93,0.57,36.0,Partly cloudy
Lando Norris,10.0,80.984,9.0,Emilia Romagna,0.9,0.93,0.57,36.0,Partly cloudy
Lando Norris,11.0,80.85,9.0,Emilia Romagna,0.9,0.93,0.57,36.0,Partly cloudy
Lando Norris,12.0,80.818,9.0,Emilia Romagna,0.9,0.93,0.57,36.0,Partly cloudy
Lando Norris,13.0,85.522,10.0,Emilia Romagna,0.9,0.93,0.57,36.0,Partly cloudy
Lando Norris,14.0,103.422,14.0,Emilia Romagna,0.9,0.93,0.57,36.0,Partly cloudy
Lando Norris,15.0,80.365,14.0,Emilia Romagna,0.9,0.93,0.57,36.0,Partly cloudy
Lando Norris,16.0,79.974,14.0,Emilia Romagna,0.9,0.93,0.57,36.0,Partly cloudy
Lando Norris,17.0,80.079,14.0,Emilia Romagna,0.9,0.93,0.57,36.0,Partly cloudy
Lando Norris,18.0,80.255,14.0,Emilia Romagna,0.9,0.93,0.57,36.0,Partly cloudy
Lando Norris,19.0,80.223,14.0,Emilia Romagna,0.9,0.93,0.57,36.0,Partly cloudy
Lando Norris,20.0,80.088,14.0,Emilia Romagna,0.9,0.93,0.57,36.0,Partly cloudy
Lando Norris,21.0,79.729,14.0,Emilia Romagna,0.9,0.93,0.57,36.0,Partly cloudy
Lando Norris,22.0,79.448,14.0,Emilia Romagna,0.9,0.93,0.57,36.0,Partly cloudy
Lando Norris,23.0,79.731,14.0,Emilia Romagna,0.9,0.93,0.57,36.0,Partly cloudy
Lando Norris,24.0,79.661,14.0,Emilia Romagna,0.9,0.93,0.57,36.0,Partly cloudy
Lando Norris,25.0,79.747,14.0,Emilia Romagna,0.9,0.93,0.57,36.0,Partly cloudy
Lando Norris,26.0,79.853,14.0,Emilia Romagna,0.9,0.93,0.57,36.0,Partly cloudy
Lando Norris,27.0,80.104,13.0,Emilia Romagna,0.9,0.93,0.57,36.0,Partly cloudy
Lando Norris,28.0,80.244,13.0,Emilia Romagna,0.9,0.93,0.57,36.0,Partly cloudy
Lando Norris,29.0,83.745,13.0,Emilia Romagna,0.9,0.93,0.57,36.0,Partly cloudy
Lando Norris,30.0,88.761,13.0,Emilia Romagna,0.9,0.93,0.57,36.0,Partly cloudy
Lando Norris,31.0,79.442,13.0,Emilia Romagna,0.9,0.93,0.57,36.0,Partly cloudy
Lando Norris,32.0,79.487,13.0,Emilia Romagna,0.9,0.93,0.57,36.0,Partly cloudy
Lando Norris,33.0,79.481,13.0,Emilia Romagna,0.9,0.93,0.57,36.0,Partly cloudy
Lando Norris,34.0,79.477,13.0,Emilia Romagna,0.9,0.93,0.57,36.0,Partly cloudy
Lando Norris,35.0,79.038,12.0,Emilia Romagna,0.9,0.93,0.57,36.0,Partly cloudy
Lando Norris,36.0,78.935,12.0,Emilia Romagna,0.9,0.93,0.57,36.0,Partly cloudy
Lando Norris,37.0,78.644,12.0,Emilia Romagna,0.9,0.93,0.57,36.0,Partly cloudy
Lando Norris,38.0,78.779,12.0,Emilia Romagna,0.9,0.93,0.57,36.0,Partly cloudy
Lando Norris,39.0,78.837,12.0,Emilia Romagna,0.9,0.93,0.57,36.0,Partly cloudy
Lando Norris,40.0,78.735,11.0,Emilia Romagna,0.9,0.93,0.57,36.0,Partly cloudy
Lando Norris,41.0,78.743,11.0,Emilia Romagna,0.9,0.93,0.57,36.0,Partly cloudy
Lando Norris,42.0,78.706,11.0,Emilia Romagna,0.9,0.93,0.57,36.0,Partly cloudy
Lando Norris,43.0,78.479,11.0,Emilia Romagna,0.9,0.93,0.57,36.0,Partly cloudy
Lando Norris,44.0,78.252,11.0,Emilia Romagna,0.9,0.93,0.57,36.0,Partly cloudy
Lando Norris,45.0,78.48,11.0,Emilia Romagna,0.9,0.93,0.57,36.0,Partly cloudy
Lando Norris,46.0,78.373,11.0,Emilia Romagna,0.9,0.93,0.57,36.0,Partly cloudy
Lando Norris,47.0,78.321,11.0,Emilia Romagna,0.9,0.93,0.57,36.0,Partly cloudy
Lando Norris,48.0,78.366,11.0,Emilia Romagna,0.9,0.93,0.57,36.0,Partly cloudy
Lando Norris,49.0,78.4,10.0,Emilia Romagna,0.9,0.93,0.57,36.0,Partly cloudy
Lando Norris,50.0,78.379,10.0,Emilia Romagna,0.9,0.93,0.57,36.0,Partly cloudy
Lando Norris,51.0,102.065,7.0,Emilia Romagna,0.9,0.93,0.57,36.0,Partly cloudy
Lando Norris,52.0,102.423,6.0,Emilia Romagna,0.9,0.93,0.57,36.0,Partly cloudy
Lando Norris,53.0,97.027,6.0,Emilia Romagna,0.9,0.93,0.57,36.0,Partly cloudy
Lando Norris,54.0,130.065,9.0,Emilia Romagna,0.9,0.93,0.57,36.0,Partly cloudy
Lando Norris,55.0,133.405,9.0,Emilia Romagna,0.9,0.93,0.57,36.0,Partly cloudy
Lando Norris,56.0,130.208,9.0,Emilia Romagna,0.9,0.93,0.57,36.0,Partly cloudy
Lando Norris,57.0,123.885,9.0,Emilia Romagna,0.9,0.93,0.57,36.0,Partly cloudy
Lando Norris,58.0,81.717,8.0,Emilia Romagna,0.9,0.93,0.57,36.0,Partly cloudy
Lando Norris,59.0,79.417,8.0,Emilia Romagna,0.9,0.93,0.57,36.0,Partly cloudy
Lando Norris,60.0,79.072,8.0,Emilia Romagna,0.9,0.93,0.57,36.0,Partly cloudy
Lando Norris,61.0,78.641,8.0,Emilia Romagna,0.9,0.93,0.57,36.0,Partly cloudy
Lando Norris,62.0,78.149,8.0,Emilia Romagna,0.9,0.93,0.57,36.0,Partly cloudy
Lando Norris,63.0,78.069,8.0,Emilia Romagna,0.9,0.93,0.57,36.0,Partly cloudy
Kimi Raikkönen,1.0,93.181,16.0,Emilia Romagna,0.84,0.76,0.99,0.0,Partly cloudy
Kimi Raikkönen,2.0,83.414,16.0,Emilia Romagna,0.84,0.76,0.99,0.0,Partly cloudy
Kimi Raikkönen,3.0,82.512,16.0,Emilia Romagna,0.84,0.76,0.99,0.0,Partly cloudy
Kimi Raikkönen,4.0,81.719,16.0,Emilia Romagna,0.84,0.76,0.99,0.0,Partly cloudy
Kimi Raikkönen,5.0,81.817,16.0,Emilia Romagna,0.84,0.76,0.99,0.0,Partly cloudy
Kimi Raikkönen,6.0,81.619,16.0,Emilia Romagna,0.84,0.76,0.99,0.0,Partly cloudy
Kimi Raikkönen,7.0,80.98,16.0,Emilia Romagna,0.84,0.76,0.99,0.0,Partly cloudy
Kimi Raikkönen,8.0,81.282,16.0,Emilia Romagna,0.84,0.76,0.99,0.0,Partly cloudy
Kimi Raikkönen,9.0,81.22,15.0,Emilia Romagna,0.84,0.76,0.99,0.0,Partly cloudy
Kimi Raikkönen,10.0,81.92,14.0,Emilia Romagna,0.84,0.76,0.99,0.0,Partly cloudy
Kimi Raikkönen,11.0,80.584,13.0,Emilia Romagna,0.84,0.76,0.99,0.0,Partly cloudy
Kimi Raikkönen,12.0,80.765,13.0,Emilia Romagna,0.84,0.76,0.99,0.0,Partly cloudy
Kimi Raikkönen,13.0,80.346,13.0,Emilia Romagna,0.84,0.76,0.99,0.0,Partly cloudy
Kimi Raikkönen,14.0,80.554,10.0,Emilia Romagna,0.84,0.76,0.99,0.0,Partly cloudy
Kimi Raikkönen,15.0,80.36,7.0,Emilia Romagna,0.84,0.76,0.99,0.0,Partly cloudy
Kimi Raikkönen,16.0,80.353,7.0,Emilia Romagna,0.84,0.76,0.99,0.0,Partly cloudy
Kimi Raikkönen,17.0,80.348,7.0,Emilia Romagna,0.84,0.76,0.99,0.0,Partly cloudy
Kimi Raikkönen,18.0,79.855,6.0,Emilia Romagna,0.84,0.76,0.99,0.0,Partly cloudy
Kimi Raikkönen,19.0,79.902,6.0,Emilia Romagna,0.84,0.76,0.99,0.0,Partly cloudy
Kimi Raikkönen,20.0,79.898,6.0,Emilia Romagna,0.84,0.76,0.99,0.0,Partly cloudy
Kimi Raikkönen,21.0,79.441,6.0,Emilia Romagna,0.84,0.76,0.99,0.0,Partly cloudy
Kimi Raikkönen,22.0,79.603,6.0,Emilia Romagna,0.84,0.76,0.99,0.0,Partly cloudy
Kimi Raikkönen,23.0,79.606,6.0,Emilia Romagna,0.84,0.76,0.99,0.0,Partly cloudy
Kimi Raikkönen,24.0,79.898,6.0,Emilia Romagna,0.84,0.76,0.99,0.0,Partly cloudy
Kimi Raikkönen,25.0,79.692,6.0,Emilia Romagna,0.84,0.76,0.99,0.0,Partly cloudy
Kimi Raikkönen,26.0,79.795,6.0,Emilia Romagna,0.84,0.76,0.99,0.0,Partly cloudy
Kimi Raikkönen,27.0,79.515,6.0,Emilia Romagna,0.84,0.76,0.99,0.0,Partly cloudy
Kimi Raikkönen,28.0,79.868,5.0,Emilia Romagna,0.84,0.76,0.99,0.0,Partly cloudy
Kimi Raikkönen,29.0,79.766,5.0,Emilia Romagna,0.84,0.76,0.99,0.0,Partly cloudy
Kimi Raikkönen,30.0,89.031,5.0,Emilia Romagna,0.84,0.76,0.99,0.0,Partly cloudy
Kimi Raikkönen,31.0,79.484,5.0,Emilia Romagna,0.84,0.76,0.99,0.0,Partly cloudy
Kimi Raikkönen,32.0,79.234,5.0,Emilia Romagna,0.84,0.76,0.99,0.0,Partly cloudy
Kimi Raikkönen,33.0,79.651,5.0,Emilia Romagna,0.84,0.76,0.99,0.0,Partly cloudy
Kimi Raikkönen,34.0,79.554,5.0,Emilia Romagna,0.84,0.76,0.99,0.0,Partly cloudy
Kimi Raikkönen,35.0,79.756,5.0,Emilia Romagna,0.84,0.76,0.99,0.0,Partly cloudy
Kimi Raikkönen,36.0,79.328,5.0,Emilia Romagna,0.84,0.76,0.99,0.0,Partly cloudy
Kimi Raikkönen,37.0,79.21,5.0,Emilia Romagna,0.84,0.76,0.99,0.0,Partly cloudy
Kimi Raikkönen,38.0,79.345,5.0,Emilia Romagna,0.84,0.76,0.99,0.0,Partly cloudy
Kimi Raikkönen,39.0,79.509,5.0,Emilia Romagna,0.84,0.76,0.99,0.0,Partly cloudy
Kimi Raikkönen,40.0,79.506,4.0,Emilia Romagna,0.84,0.76,0.99,0.0,Partly cloudy
Kimi Raikkönen,41.0,79.217,4.0,Emilia Romagna,0.84,0.76,0.99,0.0,Partly cloudy
Kimi Raikkönen,42.0,79.303,4.0,Emilia Romagna,0.84,0.76,0.99,0.0,Partly cloudy
Kimi Raikkönen,43.0,79.286,4.0,Emilia Romagna,0.84,0.76,0.99,0.0,Partly cloudy
Kimi Raikkönen,44.0,79.361,4.0,Emilia Romagna,0.84,0.76,0.99,0.0,Partly cloudy
Kimi Raikkönen,45.0,79.01,4.0,Emilia Romagna,0.84,0.76,0.99,0.0,Partly cloudy
Kimi Raikkönen,46.0,78.849,4.0,Emilia Romagna,0.84,0.76,0.99,0.0,Partly cloudy
Kimi Raikkönen,47.0,79.03,4.0,Emilia Romagna,0.84,0.76,0.99,0.0,Partly cloudy
Kimi Raikkönen,48.0,83.64,5.0,Emilia Romagna,0.84,0.76,0.99,0.0,Partly cloudy
Kimi Raikkönen,49.0,101.767,12.0,Emilia Romagna,0.84,0.76,0.99,0.0,Partly cloudy
Kimi Raikkönen,50.0,83.787,12.0,Emilia Romagna,0.84,0.76,0.99,0.0,Partly cloudy
Kimi Raikkönen,51.0,128.577,11.0,Emilia Romagna,0.84,0.76,0.99,0.0,Partly cloudy
Kimi Raikkönen,52.0,129.411,10.0,Emilia Romagna,0.84,0.76,0.99,0.0,Partly cloudy
Kimi Raikkönen,53.0,136.86,10.0,Emilia Romagna,0.84,0.76,0.99,0.0,Partly cloudy
Kimi Raikkönen,54.0,122.892,10.0,Emilia Romagna,0.84,0.76,0.99,0.0,Partly cloudy
Kimi Raikkönen,55.0,89.219,10.0,Emilia Romagna,0.84,0.76,0.99,0.0,Partly cloudy
Kimi Raikkönen,56.0,88.017,10.0,Emilia Romagna,0.84,0.76,0.99,0.0,Partly cloudy
Kimi Raikkönen,57.0,107.176,10.0,Emilia Romagna,0.84,0.76,0.99,0.0,Partly cloudy
Kimi Raikkönen,58.0,82.232,9.0,Emilia Romagna,0.84,0.76,0.99,0.0,Partly cloudy
Kimi Raikkönen,59.0,79.646,9.0,Emilia Romagna,0.84,0.76,0.99,0.0,Partly cloudy
Kimi Raikkönen,60.0,78.919,9.0,Emilia Romagna,0.84,0.76,0.99,0.0,Partly cloudy
Kimi Raikkönen,61.0,78.805,9.0,Emilia Romagna,0.84,0.76,0.99,0.0,Partly cloudy
Kimi Raikkönen,62.0,78.141,9.0,Emilia Romagna,0.84,0.76,0.99,0.0,Partly cloudy
Kimi Raikkönen,63.0,78.088,9.0,Emilia Romagna,0.84,0.76,0.99,0.0,Partly cloudy
Antonio Giovinazzi,1.0,91.96,14.0,Emilia Romagna,0.76,0.68,0.52,18.0,Partly cloudy
Antonio Giovinazzi,2.0,83.529,14.0,Emilia Romagna,0.76,0.68,0.52,18.0,Partly cloudy
Antonio Giovinazzi,3.0,82.095,14.0,Emilia Romagna,0.76,0.68,0.52,18.0,Partly cloudy
Antonio Giovinazzi,4.0,81.863,14.0,Emilia Romagna,0.76,0.68,0.52,18.0,Partly cloudy
Antonio Giovinazzi,5.0,81.702,14.0,Emilia Romagna,0.76,0.68,0.52,18.0,Partly cloudy
Antonio Giovinazzi,6.0,81.31,14.0,Emilia Romagna,0.76,0.68,0.52,18.0,Partly cloudy
Antonio Giovinazzi,7.0,81.192,14.0,Emilia Romagna,0.76,0.68,0.52,18.0,Partly cloudy
Antonio Giovinazzi,8.0,81.278,14.0,Emilia Romagna,0.76,0.68,0.52,18.0,Partly cloudy
Antonio Giovinazzi,9.0,81.331,13.0,Emilia Romagna,0.76,0.68,0.52,18.0,Partly cloudy
Antonio Giovinazzi,10.0,86.022,16.0,Emilia Romagna,0.76,0.68,0.52,18.0,Partly cloudy
Antonio Giovinazzi,11.0,103.945,17.0,Emilia Romagna,0.76,0.68,0.52,18.0,Partly cloudy
Antonio Giovinazzi,12.0,80.289,17.0,Emilia Romagna,0.76,0.68,0.52,18.0,Partly cloudy
Antonio Giovinazzi,13.0,80.083,17.0,Emilia Romagna,0.76,0.68,0.52,18.0,Partly cloudy
Antonio Giovinazzi,14.0,80.149,17.0,Emilia Romagna,0.76,0.68,0.52,18.0,Partly cloudy
Antonio Giovinazzi,15.0,80.245,17.0,Emilia Romagna,0.76,0.68,0.52,18.0,Partly cloudy
Antonio Giovinazzi,16.0,80.079,17.0,Emilia Romagna,0.76,0.68,0.52,18.0,Partly cloudy
Antonio Giovinazzi,17.0,80.162,17.0,Emilia Romagna,0.76,0.68,0.52,18.0,Partly cloudy
Antonio Giovinazzi,18.0,80.173,17.0,Emilia Romagna,0.76,0.68,0.52,18.0,Partly cloudy
Antonio Giovinazzi,19.0,80.431,17.0,Emilia Romagna,0.76,0.68,0.52,18.0,Partly cloudy
Antonio Giovinazzi,20.0,80.564,17.0,Emilia Romagna,0.76,0.68,0.52,18.0,Partly cloudy
Antonio Giovinazzi,21.0,81.548,17.0,Emilia Romagna,0.76,0.68,0.52,18.0,Partly cloudy
Antonio Giovinazzi,22.0,80.008,17.0,Emilia Romagna,0.76,0.68,0.52,18.0,Partly cloudy
Antonio Giovinazzi,23.0,80.054,17.0,Emilia Romagna,0.76,0.68,0.52,18.0,Partly cloudy
Antonio Giovinazzi,24.0,79.939,17.0,Emilia Romagna,0.76,0.68,0.52,18.0,Partly cloudy
Antonio Giovinazzi,25.0,80.09,17.0,Emilia Romagna,0.76,0.68,0.52,18.0,Partly cloudy
Antonio Giovinazzi,26.0,79.76,17.0,Emilia Romagna,0.76,0.68,0.52,18.0,Partly cloudy
Antonio Giovinazzi,27.0,81.441,17.0,Emilia Romagna,0.76,0.68,0.52,18.0,Partly cloudy
Antonio Giovinazzi,28.0,80.284,15.0,Emilia Romagna,0.76,0.68,0.52,18.0,Partly cloudy
Antonio Giovinazzi,29.0,86.987,15.0,Emilia Romagna,0.76,0.68,0.52,18.0,Partly cloudy
Antonio Giovinazzi,30.0,82.975,15.0,Emilia Romagna,0.76,0.68,0.52,18.0,Partly cloudy
Antonio Giovinazzi,31.0,79.371,15.0,Emilia Romagna,0.76,0.68,0.52,18.0,Partly cloudy
Antonio Giovinazzi,32.0,79.271,15.0,Emilia Romagna,0.76,0.68,0.52,18.0,Partly cloudy
Antonio Giovinazzi,33.0,79.231,15.0,Emilia Romagna,0.76,0.68,0.52,18.0,Partly cloudy
Antonio Giovinazzi,34.0,79.329,15.0,Emilia Romagna,0.76,0.68,0.52,18.0,Partly cloudy
Antonio Giovinazzi,35.0,79.421,14.0,Emilia Romagna,0.76,0.68,0.52,18.0,Partly cloudy
Antonio Giovinazzi,36.0,79.221,14.0,Emilia Romagna,0.76,0.68,0.52,18.0,Partly cloudy
Antonio Giovinazzi,37.0,79.0,14.0,Emilia Romagna,0.76,0.68,0.52,18.0,Partly cloudy
Antonio Giovinazzi,38.0,78.98,14.0,Emilia Romagna,0.76,0.68,0.52,18.0,Partly cloudy
Antonio Giovinazzi,39.0,79.158,14.0,Emilia Romagna,0.76,0.68,0.52,18.0,Partly cloudy
Antonio Giovinazzi,40.0,79.47,13.0,Emilia Romagna,0.76,0.68,0.52,18.0,Partly cloudy
Antonio Giovinazzi,41.0,79.164,13.0,Emilia Romagna,0.76,0.68,0.52,18.0,Partly cloudy
Antonio Giovinazzi,42.0,79.082,13.0,Emilia Romagna,0.76,0.68,0.52,18.0,Partly cloudy
Antonio Giovinazzi,43.0,79.239,13.0,Emilia Romagna,0.76,0.68,0.52,18.0,Partly cloudy
Antonio Giovinazzi,44.0,81.555,14.0,Emilia Romagna,0.76,0.68,0.52,18.0,Partly cloudy
Antonio Giovinazzi,45.0,79.134,14.0,Emilia Romagna,0.76,0.68,0.52,18.0,Partly cloudy
Antonio Giovinazzi,46.0,79.129,14.0,Emilia Romagna,0.76,0.68,0.52,18.0,Partly cloudy
Antonio Giovinazzi,47.0,79.085,14.0,Emilia Romagna,0.76,0.68,0.52,18.0,Partly cloudy
Antonio Giovinazzi,48.0,78.952,14.0,Emilia Romagna,0.76,0.68,0.52,18.0,Partly cloudy
Antonio Giovinazzi,49.0,79.064,14.0,Emilia Romagna,0.76,0.68,0.52,18.0,Partly cloudy
Antonio Giovinazzi,50.0,83.627,14.0,Emilia Romagna,0.76,0.68,0.52,18.0,Partly cloudy
Antonio Giovinazzi,51.0,124.752,12.0,Emilia Romagna,0.76,0.68,0.52,18.0,Partly cloudy
Antonio Giovinazzi,52.0,129.016,11.0,Emilia Romagna,0.76,0.68,0.52,18.0,Partly cloudy
Antonio Giovinazzi,53.0,136.883,11.0,Emilia Romagna,0.76,0.68,0.52,18.0,Partly cloudy
Antonio Giovinazzi,54.0,123.712,11.0,Emilia Romagna,0.76,0.68,0.52,18.0,Partly cloudy
Antonio Giovinazzi,55.0,89.101,11.0,Emilia Romagna,0.76,0.68,0.52,18.0,Partly cloudy
Antonio Giovinazzi,56.0,87.871,11.0,Emilia Romagna,0.76,0.68,0.52,18.0,Partly cloudy
Antonio Giovinazzi,57.0,106.158,11.0,Emilia Romagna,0.76,0.68,0.52,18.0,Partly cloudy
Antonio Giovinazzi,58.0,82.587,10.0,Emilia Romagna,0.76,0.68,0.52,18.0,Partly cloudy
Antonio Giovinazzi,59.0,80.092,10.0,Emilia Romagna,0.76,0.68,0.52,18.0,Partly cloudy
Antonio Giovinazzi,60.0,79.259,10.0,Emilia Romagna,0.76,0.68,0.52,18.0,Partly cloudy
Antonio Giovinazzi,61.0,78.794,10.0,Emilia Romagna,0.76,0.68,0.52,18.0,Partly cloudy
Antonio Giovinazzi,62.0,78.991,10.0,Emilia Romagna,0.76,0.68,0.52,18.0,Partly cloudy
Antonio Giovinazzi,63.0,79.641,10.0,Emilia Romagna,0.76,0.68,0.52,18.0,Partly cloudy
Nicholas Latifi,1.0,94.416,18.0,Emilia Romagna,0.72,0.75,0.51,12.0,Partly cloudy
Nicholas Latifi,2.0,83.398,18.0,Emilia Romagna,0.72,0.75,0.51,12.0,Partly cloudy
Nicholas Latifi,3.0,82.929,18.0,Emilia Romagna,0.72,0.75,0.51,12.0,Partly cloudy
Nicholas Latifi,4.0,81.606,18.0,Emilia Romagna,0.72,0.75,0.51,12.0,Partly cloudy
Nicholas Latifi,5.0,81.702,18.0,Emilia Romagna,0.72,0.75,0.51,12.0,Partly cloudy
Nicholas Latifi,6.0,81.959,18.0,Emilia Romagna,0.72,0.75,0.51,12.0,Partly cloudy
Nicholas Latifi,7.0,81.255,18.0,Emilia Romagna,0.72,0.75,0.51,12.0,Partly cloudy
Nicholas Latifi,8.0,81.148,18.0,Emilia Romagna,0.72,0.75,0.51,12.0,Partly cloudy
Nicholas Latifi,9.0,81.432,16.0,Emilia Romagna,0.72,0.75,0.51,12.0,Partly cloudy
Nicholas Latifi,10.0,80.888,15.0,Emilia Romagna,0.72,0.75,0.51,12.0,Partly cloudy
Nicholas Latifi,11.0,81.157,15.0,Emilia Romagna,0.72,0.75,0.51,12.0,Partly cloudy
Nicholas Latifi,12.0,81.041,14.0,Emilia Romagna,0.72,0.75,0.51,12.0,Partly cloudy
Nicholas Latifi,13.0,80.638,14.0,Emilia Romagna,0.72,0.75,0.51,12.0,Partly cloudy
Nicholas Latifi,14.0,80.624,11.0,Emilia Romagna,0.72,0.75,0.51,12.0,Partly cloudy
Nicholas Latifi,15.0,80.72,8.0,Emilia Romagna,0.72,0.75,0.51,12.0,Partly cloudy
Nicholas Latifi,16.0,80.453,8.0,Emilia Romagna,0.72,0.75,0.51,12.0,Partly cloudy
Nicholas Latifi,17.0,80.687,8.0,Emilia Romagna,0.72,0.75,0.51,12.0,Partly cloudy
Nicholas Latifi,18.0,80.335,7.0,Emilia Romagna,0.72,0.75,0.51,12.0,Partly cloudy
Nicholas Latifi,19.0,80.323,7.0,Emilia Romagna,0.72,0.75,0.51,12.0,Partly cloudy
Nicholas Latifi,20.0,80.085,7.0,Emilia Romagna,0.72,0.75,0.51,12.0,Partly cloudy
Nicholas Latifi,21.0,79.919,7.0,Emilia Romagna,0.72,0.75,0.51,12.0,Partly cloudy
Nicholas Latifi,22.0,79.78,7.0,Emilia Romagna,0.72,0.75,0.51,12.0,Partly cloudy
Nicholas Latifi,23.0,79.724,7.0,Emilia Romagna,0.72,0.75,0.51,12.0,Partly cloudy
Nicholas Latifi,24.0,79.714,7.0,Emilia Romagna,0.72,0.75,0.51,12.0,Partly cloudy
Nicholas Latifi,25.0,80.461,7.0,Emilia Romagna,0.72,0.75,0.51,12.0,Partly cloudy
Nicholas Latifi,26.0,79.718,7.0,Emilia Romagna,0.72,0.75,0.51,12.0,Partly cloudy
Nicholas Latifi,27.0,79.514,7.0,Emilia Romagna,0.72,0.75,0.51,12.0,Partly cloudy
Nicholas Latifi,28.0,79.797,6.0,Emilia Romagna,0.72,0.75,0.51,12.0,Partly cloudy
Nicholas Latifi,29.0,79.907,6.0,Emilia Romagna,0.72,0.75,0.51,12.0,Partly cloudy
Nicholas Latifi,30.0,89.744,6.0,Emilia Romagna,0.72,0.75,0.51,12.0,Partly cloudy
Nicholas Latifi,31.0,79.702,6.0,Emilia Romagna,0.72,0.75,0.51,12.0,Partly cloudy
Nicholas Latifi,32.0,79.666,6.0,Emilia Romagna,0.72,0.75,0.51,12.0,Partly cloudy
Nicholas Latifi,33.0,79.342,6.0,Emilia Romagna,0.72,0.75,0.51,12.0,Partly cloudy
Nicholas Latifi,34.0,83.957,7.0,Emilia Romagna,0.72,0.75,0.51,12.0,Partly cloudy
Nicholas Latifi,35.0,102.29,15.0,Emilia Romagna,0.72,0.75,0.51,12.0,Partly cloudy
Nicholas Latifi,36.0,79.167,15.0,Emilia Romagna,0.72,0.75,0.51,12.0,Partly cloudy
Nicholas Latifi,37.0,78.719,15.0,Emilia Romagna,0.72,0.75,0.51,12.0,Partly cloudy
Nicholas Latifi,38.0,78.797,15.0,Emilia Romagna,0.72,0.75,0.51,12.0,Partly cloudy
Nicholas Latifi,39.0,79.103,15.0,Emilia Romagna,0.72,0.75,0.51,12.0,Partly cloudy
Nicholas Latifi,40.0,80.718,15.0,Emilia Romagna,0.72,0.75,0.51,12.0,Partly cloudy
Nicholas Latifi,41.0,79.167,15.0,Emilia Romagna,0.72,0.75,0.51,12.0,Partly cloudy
Nicholas Latifi,42.0,78.998,15.0,Emilia Romagna,0.72,0.75,0.51,12.0,Partly cloudy
Nicholas Latifi,43.0,80.366,15.0,Emilia Romagna,0.72,0.75,0.51,12.0,Partly cloudy
Nicholas Latifi,44.0,79.254,15.0,Emilia Romagna,0.72,0.75,0.51,12.0,Partly cloudy
Nicholas Latifi,45.0,79.046,15.0,Emilia Romagna,0.72,0.75,0.51,12.0,Partly cloudy
Nicholas Latifi,46.0,79.127,15.0,Emilia Romagna,0.72,0.75,0.51,12.0,Partly cloudy
Nicholas Latifi,47.0,78.831,15.0,Emilia Romagna,0.72,0.75,0.51,12.0,Partly cloudy
Nicholas Latifi,48.0,79.32,15.0,Emilia Romagna,0.72,0.75,0.51,12.0,Partly cloudy
Nicholas Latifi,49.0,78.955,15.0,Emilia Romagna,0.72,0.75,0.51,12.0,Partly cloudy
Nicholas Latifi,50.0,83.662,15.0,Emilia Romagna,0.72,0.75,0.51,12.0,Partly cloudy
Nicholas Latifi,51.0,125.118,13.0,Emilia Romagna,0.72,0.75,0.51,12.0,Partly cloudy
Nicholas Latifi,52.0,128.656,12.0,Emilia Romagna,0.72,0.75,0.51,12.0,Partly cloudy
Nicholas Latifi,53.0,137.104,12.0,Emilia Romagna,0.72,0.75,0.51,12.0,Partly cloudy
Nicholas Latifi,54.0,124.764,12.0,Emilia Romagna,0.72,0.75,0.51,12.0,Partly cloudy
Nicholas Latifi,55.0,89.649,12.0,Emilia Romagna,0.72,0.75,0.51,12.0,Partly cloudy
Nicholas Latifi,56.0,86.765,12.0,Emilia Romagna,0.72,0.75,0.51,12.0,Partly cloudy
Nicholas Latifi,57.0,104.527,12.0,Emilia Romagna,0.72,0.75,0.51,12.0,Partly cloudy
Nicholas Latifi,58.0,82.972,11.0,Emilia Romagna,0.72,0.75,0.51,12.0,Partly cloudy
Nicholas Latifi,59.0,80.447,11.0,Emilia Romagna,0.72,0.75,0.51,12.0,Partly cloudy
Nicholas Latifi,60.0,79.356,11.0,Emilia Romagna,0.72,0.75,0.51,12.0,Partly cloudy
Nicholas Latifi,61.0,78.965,11.0,Emilia Romagna,0.72,0.75,0.51,12.0,Partly cloudy
Nicholas Latifi,62.0,78.898,11.0,Emilia Romagna,0.72,0.75,0.51,12.0,Partly cloudy
Nicholas Latifi,63.0,79.083,11.0,Emilia Romagna,0.72,0.75,0.51,12.0,Partly cloudy
Sebastian Vettel,1.0,92.506,15.0,Emilia Romagna,0.87,0.82,0.9,34.0,Partly cloudy
Sebastian Vettel,2.0,83.494,15.0,Emilia Romagna,0.87,0.82,0.9,34.0,Partly cloudy
Sebastian Vettel,3.0,82.372,15.0,Emilia Romagna,0.87,0.82,0.9,34.0,Partly cloudy
Sebastian Vettel,4.0,81.784,15.0,Emilia Romagna,0.87,0.82,0.9,34.0,Partly cloudy
Sebastian Vettel,5.0,81.727,15.0,Emilia Romagna,0.87,0.82,0.9,34.0,Partly cloudy
Sebastian Vettel,6.0,81.444,15.0,Emilia Romagna,0.87,0.82,0.9,34.0,Partly cloudy
Sebastian Vettel,7.0,81.159,15.0,Emilia Romagna,0.87,0.82,0.9,34.0,Partly cloudy
Sebastian Vettel,8.0,81.219,15.0,Emilia Romagna,0.87,0.82,0.9,34.0,Partly cloudy
Sebastian Vettel,9.0,81.206,14.0,Emilia Romagna,0.87,0.82,0.9,34.0,Partly cloudy
Sebastian Vettel,10.0,81.679,13.0,Emilia Romagna,0.87,0.82,0.9,34.0,Partly cloudy
Sebastian Vettel,11.0,80.297,12.0,Emilia Romagna,0.87,0.82,0.9,34.0,Partly cloudy
Sebastian Vettel,12.0,80.387,12.0,Emilia Romagna,0.87,0.82,0.9,34.0,Partly cloudy
Sebastian Vettel,13.0,80.286,11.0,Emilia Romagna,0.87,0.82,0.9,34.0,Partly cloudy
Sebastian Vettel,14.0,80.258,9.0,Emilia Romagna,0.87,0.82,0.9,34.0,Partly cloudy
Sebastian Vettel,15.0,80.245,6.0,Emilia Romagna,0.87,0.82,0.9,34.0,Partly cloudy
Sebastian Vettel,16.0,80.197,6.0,Emilia Romagna,0.87,0.82,0.9,34.0,Partly cloudy
Sebastian Vettel,17.0,79.924,6.0,Emilia Romagna,0.87,0.82,0.9,34.0,Partly cloudy
Sebastian Vettel,18.0,80.015,5.0,Emilia Romagna,0.87,0.82,0.9,34.0,Partly cloudy
Sebastian Vettel,19.0,79.689,5.0,Emilia Romagna,0.87,0.82,0.9,34.0,Partly cloudy
Sebastian Vettel,20.0,79.647,5.0,Emilia Romagna,0.87,0.82,0.9,34.0,Partly cloudy
Sebastian Vettel,21.0,79.487,5.0,Emilia Romagna,0.87,0.82,0.9,34.0,Partly cloudy
Sebastian Vettel,22.0,79.612,5.0,Emilia Romagna,0.87,0.82,0.9,34.0,Partly cloudy
Sebastian Vettel,23.0,79.334,5.0,Emilia Romagna,0.87,0.82,0.9,34.0,Partly cloudy
Sebastian Vettel,24.0,79.425,5.0,Emilia Romagna,0.87,0.82,0.9,34.0,Partly cloudy
Sebastian Vettel,25.0,79.777,5.0,Emilia Romagna,0.87,0.82,0.9,34.0,Partly cloudy
Sebastian Vettel,26.0,79.61,5.0,Emilia Romagna,0.87,0.82,0.9,34.0,Partly cloudy
Sebastian Vettel,27.0,79.604,5.0,Emilia Romagna,0.87,0.82,0.9,34.0,Partly cloudy
Sebastian Vettel,28.0,79.667,4.0,Emilia Romagna,0.87,0.82,0.9,34.0,Partly cloudy
Sebastian Vettel,29.0,79.889,4.0,Emilia Romagna,0.87,0.82,0.9,34.0,Partly cloudy
Sebastian Vettel,30.0,88.681,4.0,Emilia Romagna,0.87,0.82,0.9,34.0,Partly cloudy
Sebastian Vettel,31.0,79.414,4.0,Emilia Romagna,0.87,0.82,0.9,34.0,Partly cloudy
Sebastian Vettel,32.0,79.368,4.0,Emilia Romagna,0.87,0.82,0.9,34.0,Partly cloudy
Sebastian Vettel,33.0,79.245,4.0,Emilia Romagna,0.87,0.82,0.9,34.0,Partly cloudy
Sebastian Vettel,34.0,79.28,4.0,Emilia Romagna,0.87,0.82,0.9,34.0,Partly cloudy
Sebastian Vettel,35.0,79.086,4.0,Emilia Romagna,0.87,0.82,0.9,34.0,Partly cloudy
Sebastian Vettel,36.0,78.997,4.0,Emilia Romagna,0.87,0.82,0.9,34.0,Partly cloudy
Sebastian Vettel,37.0,79.181,4.0,Emilia Romagna,0.87,0.82,0.9,34.0,Partly cloudy
Sebastian Vettel,38.0,78.899,4.0,Emilia Romagna,0.87,0.82,0.9,34.0,Partly cloudy
Sebastian Vettel,39.0,83.622,4.0,Emilia Romagna,0.87,0.82,0.9,34.0,Partly cloudy
Sebastian Vettel,40.0,113.619,14.0,Emilia Romagna,0.87,0.82,0.9,34.0,Partly cloudy
Sebastian Vettel,41.0,78.812,14.0,Emilia Romagna,0.87,0.82,0.9,34.0,Partly cloudy
Sebastian Vettel,42.0,78.877,14.0,Emilia Romagna,0.87,0.82,0.9,34.0,Partly cloudy
Sebastian Vettel,43.0,79.013,14.0,Emilia Romagna,0.87,0.82,0.9,34.0,Partly cloudy
Sebastian Vettel,44.0,77.767,13.0,Emilia Romagna,0.87,0.82,0.9,34.0,Partly cloudy
Sebastian Vettel,45.0,81.007,13.0,Emilia Romagna,0.87,0.82,0.9,34.0,Partly cloudy
Sebastian Vettel,46.0,78.513,13.0,Emilia Romagna,0.87,0.82,0.9,34.0,Partly cloudy
Sebastian Vettel,47.0,78.37,13.0,Emilia Romagna,0.87,0.82,0.9,34.0,Partly cloudy
Sebastian Vettel,48.0,78.082,13.0,Emilia Romagna,0.87,0.82,0.9,34.0,Partly cloudy
Sebastian Vettel,49.0,78.546,13.0,Emilia Romagna,0.87,0.82,0.9,34.0,Partly cloudy
Sebastian Vettel,50.0,84.518,13.0,Emilia Romagna,0.87,0.82,0.9,34.0,Partly cloudy
Sebastian Vettel,51.0,130.621,14.0,Emilia Romagna,0.87,0.82,0.9,34.0,Partly cloudy
Sebastian Vettel,52.0,131.206,14.0,Emilia Romagna,0.87,0.82,0.9,34.0,Partly cloudy
Sebastian Vettel,53.0,139.235,14.0,Emilia Romagna,0.87,0.82,0.9,34.0,Partly cloudy
Sebastian Vettel,54.0,129.033,14.0,Emilia Romagna,0.87,0.82,0.9,34.0,Partly cloudy
Sebastian Vettel,55.0,86.538,14.0,Emilia Romagna,0.87,0.82,0.9,34.0,Partly cloudy
Sebastian Vettel,56.0,83.627,14.0,Emilia Romagna,0.87,0.82,0.9,34.0,Partly cloudy
Sebastian Vettel,57.0,101.223,14.0,Emilia Romagna,0.87,0.82,0.9,34.0,Partly cloudy
Sebastian Vettel,58.0,83.118,13.0,Emilia Romagna,0.87,0.82,0.9,34.0,Partly cloudy
Sebastian Vettel,59.0,80.881,13.0,Emilia Romagna,0.87,0.82,0.9,34.0,Partly cloudy
Sebastian Vettel,60.0,79.512,13.0,Emilia Romagna,0.87,0.82,0.9,34.0,Partly cloudy
Sebastian Vettel,61.0,79.295,13.0,Emilia Romagna,0.87,0.82,0.9,34.0,Partly cloudy
Sebastian Vettel,62.0,78.965,13.0,Emilia Romagna,0.87,0.82,0.9,34.0,Partly cloudy
Sebastian Vettel,63.0,78.792,13.0,Emilia Romagna,0.87,0.82,0.9,34.0,Partly cloudy
Lance Stroll,1.0,101.716,19.0,Emilia Romagna,0.86,0.71,0.6,23.0,Partly cloudy
Lance Stroll,2.0,110.507,20.0,Emilia Romagna,0.86,0.71,0.6,23.0,Partly cloudy
Lance Stroll,3.0,81.207,20.0,Emilia Romagna,0.86,0.71,0.6,23.0,Partly cloudy
Lance Stroll,4.0,80.837,20.0,Emilia Romagna,0.86,0.71,0.6,23.0,Partly cloudy
Lance Stroll,5.0,80.79,20.0,Emilia Romagna,0.86,0.71,0.6,23.0,Partly cloudy
Lance Stroll,6.0,80.817,20.0,Emilia Romagna,0.86,0.71,0.6,23.0,Partly cloudy
Lance Stroll,7.0,80.858,20.0,Emilia Romagna,0.86,0.71,0.6,23.0,Partly cloudy
Lance Stroll,8.0,80.586,20.0,Emilia Romagna,0.86,0.71,0.6,23.0,Partly cloudy
Lance Stroll,9.0,80.363,19.0,Emilia Romagna,0.86,0.71,0.6,23.0,Partly cloudy
Lance Stroll,10.0,81.302,19.0,Emilia Romagna,0.86,0.71,0.6,23.0,Partly cloudy
Lance Stroll,11.0,80.671,19.0,Emilia Romagna,0.86,0.71,0.6,23.0,Partly cloudy
Lance Stroll,12.0,80.222,19.0,Emilia Romagna,0.86,0.71,0.6,23.0,Partly cloudy
Lance Stroll,13.0,80.016,19.0,Emilia Romagna,0.86,0.71,0.6,23.0,Partly cloudy
Lance Stroll,14.0,79.973,19.0,Emilia Romagna,0.86,0.71,0.6,23.0,Partly cloudy
Lance Stroll,15.0,80.16,19.0,Emilia Romagna,0.86,0.71,0.6,23.0,Partly cloudy
Lance Stroll,16.0,79.973,19.0,Emilia Romagna,0.86,0.71,0.6,23.0,Partly cloudy
Lance Stroll,17.0,79.99,19.0,Emilia Romagna,0.86,0.71,0.6,23.0,Partly cloudy
Lance Stroll,18.0,80.339,19.0,Emilia Romagna,0.86,0.71,0.6,23.0,Partly cloudy
Lance Stroll,19.0,80.059,19.0,Emilia Romagna,0.86,0.71,0.6,23.0,Partly cloudy
Lance Stroll,20.0,81.133,19.0,Emilia Romagna,0.86,0.71,0.6,23.0,Partly cloudy
Lance Stroll,21.0,80.25,19.0,Emilia Romagna,0.86,0.71,0.6,23.0,Partly cloudy
Lance Stroll,22.0,80.283,19.0,Emilia Romagna,0.86,0.71,0.6,23.0,Partly cloudy
Lance Stroll,23.0,80.239,19.0,Emilia Romagna,0.86,0.71,0.6,23.0,Partly cloudy
Lance Stroll,24.0,80.218,19.0,Emilia Romagna,0.86,0.71,0.6,23.0,Partly cloudy
Lance Stroll,25.0,81.933,19.0,Emilia Romagna,0.86,0.71,0.6,23.0,Partly cloudy
Lance Stroll,26.0,80.437,19.0,Emilia Romagna,0.86,0.71,0.6,23.0,Partly cloudy
Lance Stroll,27.0,79.952,19.0,Emilia Romagna,0.86,0.71,0.6,23.0,Partly cloudy
Lance Stroll,28.0,79.842,17.0,Emilia Romagna,0.86,0.71,0.6,23.0,Partly cloudy
Lance Stroll,29.0,90.597,17.0,Emilia Romagna,0.86,0.71,0.6,23.0,Partly cloudy
Lance Stroll,30.0,102.618,18.0,Emilia Romagna,0.86,0.71,0.6,23.0,Partly cloudy
Lance Stroll,31.0,79.007,18.0,Emilia Romagna,0.86,0.71,0.6,23.0,Partly cloudy
Lance Stroll,32.0,79.035,18.0,Emilia Romagna,0.86,0.71,0.6,23.0,Partly cloudy
Lance Stroll,33.0,78.93,18.0,Emilia Romagna,0.86,0.71,0.6,23.0,Partly cloudy
Lance Stroll,34.0,79.08,18.0,Emilia Romagna,0.86,0.71,0.6,23.0,Partly cloudy
Lance Stroll,35.0,79.197,18.0,Emilia Romagna,0.86,0.71,0.6,23.0,Partly cloudy
Lance Stroll,36.0,78.586,17.0,Emilia Romagna,0.86,0.71,0.6,23.0,Partly cloudy
Lance Stroll,37.0,78.913,17.0,Emilia Romagna,0.86,0.71,0.6,23.0,Partly cloudy
Lance Stroll,38.0,78.774,17.0,Emilia Romagna,0.86,0.71,0.6,23.0,Partly cloudy
Lance Stroll,39.0,78.776,17.0,Emilia Romagna,0.86,0.71,0.6,23.0,Partly cloudy
Lance Stroll,40.0,78.683,17.0,Emilia Romagna,0.86,0.71,0.6,23.0,Partly cloudy
Lance Stroll,41.0,78.613,17.0,Emilia Romagna,0.86,0.71,0.6,23.0,Partly cloudy
Lance Stroll,42.0,78.614,17.0,Emilia Romagna,0.86,0.71,0.6,23.0,Partly cloudy
Lance Stroll,43.0,78.574,17.0,Emilia Romagna,0.86,0.71,0.6,23.0,Partly cloudy
Lance Stroll,44.0,78.538,17.0,Emilia Romagna,0.86,0.71,0.6,23.0,Partly cloudy
Lance Stroll,45.0,78.645,17.0,Emilia Romagna,0.86,0.71,0.6,23.0,Partly cloudy
Lance Stroll,46.0,78.36,17.0,Emilia Romagna,0.86,0.71,0.6,23.0,Partly cloudy
Lance Stroll,47.0,78.402,17.0,Emilia Romagna,0.86,0.71,0.6,23.0,Partly cloudy
Lance Stroll,48.0,78.879,17.0,Emilia Romagna,0.86,0.71,0.6,23.0,Partly cloudy
Lance Stroll,49.0,78.865,17.0,Emilia Romagna,0.86,0.71,0.6,23.0,Partly cloudy
Lance Stroll,50.0,94.178,17.0,Emilia Romagna,0.86,0.71,0.6,23.0,Partly cloudy
Lance Stroll,51.0,103.009,15.0,Emilia Romagna,0.86,0.71,0.6,23.0,Partly cloudy
Lance Stroll,52.0,130.121,15.0,Emilia Romagna,0.86,0.71,0.6,23.0,Partly cloudy
Lance Stroll,53.0,145.144,15.0,Emilia Romagna,0.86,0.71,0.6,23.0,Partly cloudy
Lance Stroll,54.0,131.659,15.0,Emilia Romagna,0.86,0.71,0.6,23.0,Partly cloudy
Lance Stroll,55.0,85.168,15.0,Emilia Romagna,0.86,0.71,0.6,23.0,Partly cloudy
Lance Stroll,56.0,79.616,15.0,Emilia Romagna,0.86,0.71,0.6,23.0,Partly cloudy
Lance Stroll,57.0,97.466,15.0,Emilia Romagna,0.86,0.71,0.6,23.0,Partly cloudy
Lance Stroll,58.0,83.195,14.0,Emilia Romagna,0.86,0.71,0.6,23.0,Partly cloudy
Lance Stroll,59.0,81.187,14.0,Emilia Romagna,0.86,0.71,0.6,23.0,Partly cloudy
Lance Stroll,60.0,79.26,14.0,Emilia Romagna,0.86,0.71,0.6,23.0,Partly cloudy
Lance Stroll,61.0,79.269,14.0,Emilia Romagna,0.86,0.71,0.6,23.0,Partly cloudy
Lance Stroll,62.0,79.179,14.0,Emilia Romagna,0.86,0.71,0.6,23.0,Partly cloudy
Lance Stroll,63.0,78.783,14.0,Emilia Romagna,0.86,0.71,0.6,23.0,Partly cloudy
Romain Grosjean,1.0,93.691,17.0,Emilia Romagna,0.79,0.74,0.78,15.0,Partly cloudy
Romain Grosjean,2.0,83.48,17.0,Emilia Romagna,0.79,0.74,0.78,15.0,Partly cloudy
Romain Grosjean,3.0,82.688,17.0,Emilia Romagna,0.79,0.74,0.78,15.0,Partly cloudy
Romain Grosjean,4.0,81.598,17.0,Emilia Romagna,0.79,0.74,0.78,15.0,Partly cloudy
Romain Grosjean,5.0,81.781,17.0,Emilia Romagna,0.79,0.74,0.78,15.0,Partly cloudy
Romain Grosjean,6.0,81.883,17.0,Emilia Romagna,0.79,0.74,0.78,15.0,Partly cloudy
Romain Grosjean,7.0,80.857,17.0,Emilia Romagna,0.79,0.74,0.78,15.0,Partly cloudy
Romain Grosjean,8.0,81.402,17.0,Emilia Romagna,0.79,0.74,0.78,15.0,Partly cloudy
Romain Grosjean,9.0,86.457,17.0,Emilia Romagna,0.79,0.74,0.78,15.0,Partly cloudy
Romain Grosjean,10.0,104.03,18.0,Emilia Romagna,0.79,0.74,0.78,15.0,Partly cloudy
Romain Grosjean,11.0,80.443,18.0,Emilia Romagna,0.79,0.74,0.78,15.0,Partly cloudy
Romain Grosjean,12.0,79.976,18.0,Emilia Romagna,0.79,0.74,0.78,15.0,Partly cloudy
Romain Grosjean,13.0,79.944,18.0,Emilia Romagna,0.79,0.74,0.78,15.0,Partly cloudy
Romain Grosjean,14.0,80.164,18.0,Emilia Romagna,0.79,0.74,0.78,15.0,Partly cloudy
Romain Grosjean,15.0,80.228,18.0,Emilia Romagna,0.79,0.74,0.78,15.0,Partly cloudy
Romain Grosjean,16.0,80.12,18.0,Emilia Romagna,0.79,0.74,0.78,15.0,Partly cloudy
Romain Grosjean,17.0,80.093,18.0,Emilia Romagna,0.79,0.74,0.78,15.0,Partly cloudy
Romain Grosjean,18.0,80.107,18.0,Emilia Romagna,0.79,0.74,0.78,15.0,Partly cloudy
Romain Grosjean,19.0,80.212,18.0,Emilia Romagna,0.79,0.74,0.78,15.0,Partly cloudy
Romain Grosjean,20.0,80.301,18.0,Emilia Romagna,0.79,0.74,0.78,15.0,Partly cloudy
Romain Grosjean,21.0,81.284,18.0,Emilia Romagna,0.79,0.74,0.78,15.0,Partly cloudy
Romain Grosjean,22.0,80.263,18.0,Emilia Romagna,0.79,0.74,0.78,15.0,Partly cloudy
Romain Grosjean,23.0,80.22,18.0,Emilia Romagna,0.79,0.74,0.78,15.0,Partly cloudy
Romain Grosjean,24.0,80.546,18.0,Emilia Romagna,0.79,0.74,0.78,15.0,Partly cloudy
Romain Grosjean,25.0,80.003,18.0,Emilia Romagna,0.79,0.74,0.78,15.0,Partly cloudy
Romain Grosjean,26.0,81.796,18.0,Emilia Romagna,0.79,0.74,0.78,15.0,Partly cloudy
Romain Grosjean,27.0,79.755,18.0,Emilia Romagna,0.79,0.74,0.78,15.0,Partly cloudy
Romain Grosjean,28.0,80.374,16.0,Emilia Romagna,0.79,0.74,0.78,15.0,Partly cloudy
Romain Grosjean,29.0,86.905,16.0,Emilia Romagna,0.79,0.74,0.78,15.0,Partly cloudy
Romain Grosjean,30.0,83.095,16.0,Emilia Romagna,0.79,0.74,0.78,15.0,Partly cloudy
Romain Grosjean,31.0,79.553,16.0,Emilia Romagna,0.79,0.74,0.78,15.0,Partly cloudy
Romain Grosjean,32.0,79.309,16.0,Emilia Romagna,0.79,0.74,0.78,15.0,Partly cloudy
Romain Grosjean,33.0,79.874,16.0,Emilia Romagna,0.79,0.74,0.78,15.0,Partly cloudy
Romain Grosjean,34.0,79.451,16.0,Emilia Romagna,0.79,0.74,0.78,15.0,Partly cloudy
Romain Grosjean,35.0,79.896,16.0,Emilia Romagna,0.79,0.74,0.78,15.0,Partly cloudy
Romain Grosjean,36.0,79.68,16.0,Emilia Romagna,0.79,0.74,0.78,15.0,Partly cloudy
Romain Grosjean,37.0,79.546,16.0,Emilia Romagna,0.79,0.74,0.78,15.0,Partly cloudy
Romain Grosjean,38.0,79.356,16.0,Emilia Romagna,0.79,0.74,0.78,15.0,Partly cloudy
Romain Grosjean,39.0,79.583,16.0,Emilia Romagna,0.79,0.74,0.78,15.0,Partly cloudy
Romain Grosjean,40.0,81.415,16.0,Emilia Romagna,0.79,0.74,0.78,15.0,Partly cloudy
Romain Grosjean,41.0,79.411,16.0,Emilia Romagna,0.79,0.74,0.78,15.0,Partly cloudy
Romain Grosjean,42.0,79.24,16.0,Emilia Romagna,0.79,0.74,0.78,15.0,Partly cloudy
Romain Grosjean,43.0,79.254,16.0,Emilia Romagna,0.79,0.74,0.78,15.0,Partly cloudy
Romain Grosjean,44.0,79.74,16.0,Emilia Romagna,0.79,0.74,0.78,15.0,Partly cloudy
Romain Grosjean,45.0,78.822,16.0,Emilia Romagna,0.79,0.74,0.78,15.0,Partly cloudy
Romain Grosjean,46.0,79.375,16.0,Emilia Romagna,0.79,0.74,0.78,15.0,Partly cloudy
Romain Grosjean,47.0,78.988,16.0,Emilia Romagna,0.79,0.74,0.78,15.0,Partly cloudy
Romain Grosjean,48.0,81.43,16.0,Emilia Romagna,0.79,0.74,0.78,15.0,Partly cloudy
Romain Grosjean,49.0,78.972,16.0,Emilia Romagna,0.79,0.74,0.78,15.0,Partly cloudy
Romain Grosjean,50.0,91.491,16.0,Emilia Romagna,0.79,0.74,0.78,15.0,Partly cloudy
Romain Grosjean,51.0,123.316,16.0,Emilia Romagna,0.79,0.74,0.78,15.0,Partly cloudy
Romain Grosjean,52.0,117.796,13.0,Emilia Romagna,0.79,0.74,0.78,15.0,Partly cloudy
Romain Grosjean,53.0,137.327,13.0,Emilia Romagna,0.79,0.74,0.78,15.0,Partly cloudy
Romain Grosjean,54.0,123.208,13.0,Emilia Romagna,0.79,0.74,0.78,15.0,Partly cloudy
Romain Grosjean,55.0,89.476,13.0,Emilia Romagna,0.79,0.74,0.78,15.0,Partly cloudy
Romain Grosjean,56.0,87.253,13.0,Emilia Romagna,0.79,0.74,0.78,15.0,Partly cloudy
Romain Grosjean,57.0,103.65,13.0,Emilia Romagna,0.79,0.74,0.78,15.0,Partly cloudy
Romain Grosjean,58.0,83.042,12.0,Emilia Romagna,0.79,0.74,0.78,15.0,Partly cloudy
Romain Grosjean,59.0,80.613,12.0,Emilia Romagna,0.79,0.74,0.78,15.0,Partly cloudy
Romain Grosjean,60.0,79.528,12.0,Emilia Romagna,0.79,0.74,0.78,15.0,Partly cloudy
Romain Grosjean,61.0,79.039,12.0,Emilia Romagna,0.79,0.74,0.78,15.0,Partly cloudy
Romain Grosjean,62.0,79.0,12.0,Emilia Romagna,0.79,0.74,0.78,15.0,Partly cloudy
Romain Grosjean,63.0,79.035,12.0,Emilia Romagna,0.79,0.74,0.78,15.0,Partly cloudy
Alexander Albon,1.0,87.853,7.0,Emilia Romagna,0.86,0.66,0.57,61.0,Partly cloudy
Alexander Albon,2.0,82.182,7.0,Emilia Romagna,0.86,0.66,0.57,61.0,Partly cloudy
Alexander Albon,3.0,81.611,7.0,Emilia Romagna,0.86,0.66,0.57,61.0,Partly cloudy
Alexander Albon,4.0,80.812,7.0,Emilia Romagna,0.86,0.66,0.57,61.0,Partly cloudy
Alexander Albon,5.0,80.772,7.0,Emilia Romagna,0.86,0.66,0.57,61.0,Partly cloudy
Alexander Albon,6.0,80.68,7.0,Emilia Romagna,0.86,0.66,0.57,61.0,Partly cloudy
Alexander Albon,7.0,81.138,7.0,Emilia Romagna,0.86,0.66,0.57,61.0,Partly cloudy
Alexander Albon,8.0,80.871,6.0,Emilia Romagna,0.86,0.66,0.57,61.0,Partly cloudy
Alexander Albon,9.0,80.677,6.0,Emilia Romagna,0.86,0.66,0.57,61.0,Partly cloudy
Alexander Albon,10.0,80.649,6.0,Emilia Romagna,0.86,0.66,0.57,61.0,Partly cloudy
Alexander Albon,11.0,80.543,6.0,Emilia Romagna,0.86,0.66,0.57,61.0,Partly cloudy
Alexander Albon,12.0,80.481,6.0,Emilia Romagna,0.86,0.66,0.57,61.0,Partly cloudy
Alexander Albon,13.0,80.634,5.0,Emilia Romagna,0.86,0.66,0.57,61.0,Partly cloudy
Alexander Albon,14.0,85.159,6.0,Emilia Romagna,0.86,0.66,0.57,61.0,Partly cloudy
Alexander Albon,15.0,104.141,12.0,Emilia Romagna,0.86,0.66,0.57,61.0,Partly cloudy
Alexander Albon,16.0,80.731,12.0,Emilia Romagna,0.86,0.66,0.57,61.0,Partly cloudy
Alexander Albon,17.0,80.153,12.0,Emilia Romagna,0.86,0.66,0.57,61.0,Partly cloudy
Alexander Albon,18.0,79.916,11.0,Emilia Romagna,0.86,0.66,0.57,61.0,Partly cloudy
Alexander Albon,19.0,79.851,11.0,Emilia Romagna,0.86,0.66,0.57,61.0,Partly cloudy
Alexander Albon,20.0,80.015,11.0,Emilia Romagna,0.86,0.66,0.57,61.0,Partly cloudy
Alexander Albon,21.0,79.832,11.0,Emilia Romagna,0.86,0.66,0.57,61.0,Partly cloudy
Alexander Albon,22.0,79.652,11.0,Emilia Romagna,0.86,0.66,0.57,61.0,Partly cloudy
Alexander Albon,23.0,79.528,11.0,Emilia Romagna,0.86,0.66,0.57,61.0,Partly cloudy
Alexander Albon,24.0,79.669,11.0,Emilia Romagna,0.86,0.66,0.57,61.0,Partly cloudy
Alexander Albon,25.0,79.754,11.0,Emilia Romagna,0.86,0.66,0.57,61.0,Partly cloudy
Alexander Albon,26.0,79.895,11.0,Emilia Romagna,0.86,0.66,0.57,61.0,Partly cloudy
Alexander Albon,27.0,82.278,10.0,Emilia Romagna,0.86,0.66,0.57,61.0,Partly cloudy
Alexander Albon,28.0,79.108,10.0,Emilia Romagna,0.86,0.66,0.57,61.0,Partly cloudy
Alexander Albon,29.0,79.463,10.0,Emilia Romagna,0.86,0.66,0.57,61.0,Partly cloudy
Alexander Albon,30.0,89.646,10.0,Emilia Romagna,0.86,0.66,0.57,61.0,Partly cloudy
Alexander Albon,31.0,79.1,10.0,Emilia Romagna,0.86,0.66,0.57,61.0,Partly cloudy
Alexander Albon,32.0,79.229,10.0,Emilia Romagna,0.86,0.66,0.57,61.0,Partly cloudy
Alexander Albon,33.0,79.292,10.0,Emilia Romagna,0.86,0.66,0.57,61.0,Partly cloudy
Alexander Albon,34.0,79.381,10.0,Emilia Romagna,0.86,0.66,0.57,61.0,Partly cloudy
Alexander Albon,35.0,79.042,9.0,Emilia Romagna,0.86,0.66,0.57,61.0,Partly cloudy
Alexander Albon,36.0,78.911,9.0,Emilia Romagna,0.86,0.66,0.57,61.0,Partly cloudy
Alexander Albon,37.0,79.017,9.0,Emilia Romagna,0.86,0.66,0.57,61.0,Partly cloudy
Alexander Albon,38.0,78.972,9.0,Emilia Romagna,0.86,0.66,0.57,61.0,Partly cloudy
Alexander Albon,39.0,78.72,9.0,Emilia Romagna,0.86,0.66,0.57,61.0,Partly cloudy
Alexander Albon,40.0,78.747,8.0,Emilia Romagna,0.86,0.66,0.57,61.0,Partly cloudy
Alexander Albon,41.0,78.955,8.0,Emilia Romagna,0.86,0.66,0.57,61.0,Partly cloudy
Alexander Albon,42.0,78.772,8.0,Emilia Romagna,0.86,0.66,0.57,61.0,Partly cloudy
Alexander Albon,43.0,78.638,8.0,Emilia Romagna,0.86,0.66,0.57,61.0,Partly cloudy
Alexander Albon,44.0,78.742,8.0,Emilia Romagna,0.86,0.66,0.57,61.0,Partly cloudy
Alexander Albon,45.0,78.568,8.0,Emilia Romagna,0.86,0.66,0.57,61.0,Partly cloudy
Alexander Albon,46.0,78.715,8.0,Emilia Romagna,0.86,0.66,0.57,61.0,Partly cloudy
Alexander Albon,47.0,78.669,8.0,Emilia Romagna,0.86,0.66,0.57,61.0,Partly cloudy
Alexander Albon,48.0,78.717,8.0,Emilia Romagna,0.86,0.66,0.57,61.0,Partly cloudy
Alexander Albon,49.0,78.769,7.0,Emilia Romagna,0.86,0.66,0.57,61.0,Partly cloudy
Alexander Albon,50.0,78.448,7.0,Emilia Romagna,0.86,0.66,0.57,61.0,Partly cloudy
Alexander Albon,51.0,101.125,6.0,Emilia Romagna,0.86,0.66,0.57,61.0,Partly cloudy
Alexander Albon,52.0,102.134,5.0,Emilia Romagna,0.86,0.66,0.57,61.0,Partly cloudy
Alexander Albon,53.0,96.571,5.0,Emilia Romagna,0.86,0.66,0.57,61.0,Partly cloudy
Alexander Albon,54.0,130.12,5.0,Emilia Romagna,0.86,0.66,0.57,61.0,Partly cloudy
Alexander Albon,55.0,133.967,5.0,Emilia Romagna,0.86,0.66,0.57,61.0,Partly cloudy
Alexander Albon,56.0,127.94,5.0,Emilia Romagna,0.86,0.66,0.57,61.0,Partly cloudy
Alexander Albon,57.0,130.374,5.0,Emilia Romagna,0.86,0.66,0.57,61.0,Partly cloudy
Alexander Albon,58.0,92.654,15.0,Emilia Romagna,0.86,0.66,0.57,61.0,Partly cloudy
Alexander Albon,59.0,84.803,15.0,Emilia Romagna,0.86,0.66,0.57,61.0,Partly cloudy
Alexander Albon,60.0,102.008,15.0,Emilia Romagna,0.86,0.66,0.57,61.0,Partly cloudy
Alexander Albon,61.0,76.495,15.0,Emilia Romagna,0.86,0.66,0.57,61.0,Partly cloudy
Alexander Albon,62.0,80.248,15.0,Emilia Romagna,0.86,0.66,0.57,61.0,Partly cloudy
Alexander Albon,63.0,76.177,15.0,Emilia Romagna,0.86,0.66,0.57,61.0,Partly cloudy
George Russell,1.0,91.472,13.0,Emilia Romagna,0.69,0.93,0.57,32.0,Partly cloudy
George Russell,2.0,83.35,13.0,Emilia Romagna,0.69,0.93,0.57,32.0,Partly cloudy
George Russell,3.0,81.994,13.0,Emilia Romagna,0.69,0.93,0.57,32.0,Partly cloudy
George Russell,4.0,81.787,13.0,Emilia Romagna,0.69,0.93,0.57,32.0,Partly cloudy
George Russell,5.0,81.551,13.0,Emilia Romagna,0.69,0.93,0.57,32.0,Partly cloudy
George Russell,6.0,81.349,13.0,Emilia Romagna,0.69,0.93,0.57,32.0,Partly cloudy
George Russell,7.0,81.182,13.0,Emilia Romagna,0.69,0.93,0.57,32.0,Partly cloudy
George Russell,8.0,81.097,13.0,Emilia Romagna,0.69,0.93,0.57,32.0,Partly cloudy
George Russell,9.0,81.05,12.0,Emilia Romagna,0.69,0.93,0.57,32.0,Partly cloudy
George Russell,10.0,81.084,12.0,Emilia Romagna,0.69,0.93,0.57,32.0,Partly cloudy
George Russell,11.0,84.896,14.0,Emilia Romagna,0.69,0.93,0.57,32.0,Partly cloudy
George Russell,12.0,102.788,16.0,Emilia Romagna,0.69,0.93,0.57,32.0,Partly cloudy
George Russell,13.0,79.705,16.0,Emilia Romagna,0.69,0.93,0.57,32.0,Partly cloudy
George Russell,14.0,80.345,15.0,Emilia Romagna,0.69,0.93,0.57,32.0,Partly cloudy
George Russell,15.0,80.466,15.0,Emilia Romagna,0.69,0.93,0.57,32.0,Partly cloudy
George Russell,16.0,80.243,15.0,Emilia Romagna,0.69,0.93,0.57,32.0,Partly cloudy
George Russell,17.0,80.426,15.0,Emilia Romagna,0.69,0.93,0.57,32.0,Partly cloudy
George Russell,18.0,80.381,15.0,Emilia Romagna,0.69,0.93,0.57,32.0,Partly cloudy
George Russell,19.0,80.582,15.0,Emilia Romagna,0.69,0.93,0.57,32.0,Partly cloudy
George Russell,20.0,80.361,15.0,Emilia Romagna,0.69,0.93,0.57,32.0,Partly cloudy
George Russell,21.0,79.945,15.0,Emilia Romagna,0.69,0.93,0.57,32.0,Partly cloudy
George Russell,22.0,79.498,15.0,Emilia Romagna,0.69,0.93,0.57,32.0,Partly cloudy
George Russell,23.0,79.516,15.0,Emilia Romagna,0.69,0.93,0.57,32.0,Partly cloudy
George Russell,24.0,79.744,15.0,Emilia Romagna,0.69,0.93,0.57,32.0,Partly cloudy
George Russell,25.0,79.807,15.0,Emilia Romagna,0.69,0.93,0.57,32.0,Partly cloudy
George Russell,26.0,79.81,15.0,Emilia Romagna,0.69,0.93,0.57,32.0,Partly cloudy
George Russell,27.0,79.985,15.0,Emilia Romagna,0.69,0.93,0.57,32.0,Partly cloudy
George Russell,28.0,79.684,14.0,Emilia Romagna,0.69,0.93,0.57,32.0,Partly cloudy
George Russell,29.0,85.049,14.0,Emilia Romagna,0.69,0.93,0.57,32.0,Partly cloudy
George Russell,30.0,87.278,14.0,Emilia Romagna,0.69,0.93,0.57,32.0,Partly cloudy
George Russell,31.0,79.793,14.0,Emilia Romagna,0.69,0.93,0.57,32.0,Partly cloudy
George Russell,32.0,79.669,14.0,Emilia Romagna,0.69,0.93,0.57,32.0,Partly cloudy
George Russell,33.0,79.557,14.0,Emilia Romagna,0.69,0.93,0.57,32.0,Partly cloudy
George Russell,34.0,79.589,14.0,Emilia Romagna,0.69,0.93,0.57,32.0,Partly cloudy
George Russell,35.0,79.48,13.0,Emilia Romagna,0.69,0.93,0.57,32.0,Partly cloudy
George Russell,36.0,79.069,13.0,Emilia Romagna,0.69,0.93,0.57,32.0,Partly cloudy
George Russell,37.0,79.07,13.0,Emilia Romagna,0.69,0.93,0.57,32.0,Partly cloudy
George Russell,38.0,79.018,13.0,Emilia Romagna,0.69,0.93,0.57,32.0,Partly cloudy
George Russell,39.0,78.816,13.0,Emilia Romagna,0.69,0.93,0.57,32.0,Partly cloudy
George Russell,40.0,79.086,12.0,Emilia Romagna,0.69,0.93,0.57,32.0,Partly cloudy
George Russell,41.0,79.147,12.0,Emilia Romagna,0.69,0.93,0.57,32.0,Partly cloudy
George Russell,42.0,78.869,12.0,Emilia Romagna,0.69,0.93,0.57,32.0,Partly cloudy
George Russell,43.0,78.811,12.0,Emilia Romagna,0.69,0.93,0.57,32.0,Partly cloudy
George Russell,44.0,78.958,12.0,Emilia Romagna,0.69,0.93,0.57,32.0,Partly cloudy
George Russell,45.0,78.893,12.0,Emilia Romagna,0.69,0.93,0.57,32.0,Partly cloudy
George Russell,46.0,78.862,12.0,Emilia Romagna,0.69,0.93,0.57,32.0,Partly cloudy
George Russell,47.0,78.843,12.0,Emilia Romagna,0.69,0.93,0.57,32.0,Partly cloudy
George Russell,48.0,78.923,12.0,Emilia Romagna,0.69,0.93,0.57,32.0,Partly cloudy
George Russell,49.0,81.02,11.0,Emilia Romagna,0.69,0.93,0.57,32.0,Partly cloudy
George Russell,50.0,83.78,11.0,Emilia Romagna,0.69,0.93,0.57,32.0,Partly cloudy
George Russell,51.0,128.471,10.0,Emilia Romagna,0.69,0.93,0.57,32.0,Partly cloudy
Max Verstappen,1.0,83.174,2.0,Emilia Romagna,0.94,0.97,0.68,9.0,Partly cloudy
Max Verstappen,2.0,80.211,2.0,Emilia Romagna,0.94,0.97,0.68,9.0,Partly cloudy
Max Verstappen,3.0,79.908,2.0,Emilia Romagna,0.94,0.97,0.68,9.0,Partly cloudy
Max Verstappen,4.0,79.888,2.0,Emilia Romagna,0.94,0.97,0.68,9.0,Partly cloudy
Max Verstappen,5.0,79.725,2.0,Emilia Romagna,0.94,0.97,0.68,9.0,Partly cloudy
Max Verstappen,6.0,79.664,2.0,Emilia Romagna,0.94,0.97,0.68,9.0,Partly cloudy
Max Verstappen,7.0,79.61,2.0,Emilia Romagna,0.94,0.97,0.68,9.0,Partly cloudy
Max Verstappen,8.0,79.495,2.0,Emilia Romagna,0.94,0.97,0.68,9.0,Partly cloudy
Max Verstappen,9.0,79.571,2.0,Emilia Romagna,0.94,0.97,0.68,9.0,Partly cloudy
Max Verstappen,10.0,79.65,2.0,Emilia Romagna,0.94,0.97,0.68,9.0,Partly cloudy
Max Verstappen,11.0,79.324,2.0,Emilia Romagna,0.94,0.97,0.68,9.0,Partly cloudy
Max Verstappen,12.0,79.196,2.0,Emilia Romagna,0.94,0.97,0.68,9.0,Partly cloudy
Max Verstappen,13.0,79.18,2.0,Emilia Romagna,0.94,0.97,0.68,9.0,Partly cloudy
Max Verstappen,14.0,79.067,2.0,Emilia Romagna,0.94,0.97,0.68,9.0,Partly cloudy
Max Verstappen,15.0,79.266,2.0,Emilia Romagna,0.94,0.97,0.68,9.0,Partly cloudy
Max Verstappen,16.0,79.151,2.0,Emilia Romagna,0.94,0.97,0.68,9.0,Partly cloudy
Max Verstappen,17.0,78.95,2.0,Emilia Romagna,0.94,0.97,0.68,9.0,Partly cloudy
Max Verstappen,18.0,83.293,3.0,Emilia Romagna,0.94,0.97,0.68,9.0,Partly cloudy
Max Verstappen,19.0,100.683,3.0,Emilia Romagna,0.94,0.97,0.68,9.0,Partly cloudy
Max Verstappen,20.0,79.06,3.0,Emilia Romagna,0.94,0.97,0.68,9.0,Partly cloudy
Max Verstappen,21.0,78.605,3.0,Emilia Romagna,0.94,0.97,0.68,9.0,Partly cloudy
Max Verstappen,22.0,78.804,3.0,Emilia Romagna,0.94,0.97,0.68,9.0,Partly cloudy
Max Verstappen,23.0,78.731,3.0,Emilia Romagna,0.94,0.97,0.68,9.0,Partly cloudy
Max Verstappen,24.0,78.957,3.0,Emilia Romagna,0.94,0.97,0.68,9.0,Partly cloudy
Max Verstappen,25.0,78.698,3.0,Emilia Romagna,0.94,0.97,0.68,9.0,Partly cloudy
Max Verstappen,26.0,78.618,3.0,Emilia Romagna,0.94,0.97,0.68,9.0,Partly cloudy
Max Verstappen,27.0,78.376,3.0,Emilia Romagna,0.94,0.97,0.68,9.0,Partly cloudy
Max Verstappen,28.0,78.45,3.0,Emilia Romagna,0.94,0.97,0.68,9.0,Partly cloudy
Max Verstappen,29.0,79.411,3.0,Emilia Romagna,0.94,0.97,0.68,9.0,Partly cloudy
Max Verstappen,30.0,88.052,3.0,Emilia Romagna,0.94,0.97,0.68,9.0,Partly cloudy
Max Verstappen,31.0,78.691,3.0,Emilia Romagna,0.94,0.97,0.68,9.0,Partly cloudy
Max Verstappen,32.0,78.692,3.0,Emilia Romagna,0.94,0.97,0.68,9.0,Partly cloudy
Max Verstappen,33.0,78.491,3.0,Emilia Romagna,0.94,0.97,0.68,9.0,Partly cloudy
Max Verstappen,34.0,78.711,3.0,Emilia Romagna,0.94,0.97,0.68,9.0,Partly cloudy
Max Verstappen,35.0,78.683,3.0,Emilia Romagna,0.94,0.97,0.68,9.0,Partly cloudy
Max Verstappen,36.0,78.677,3.0,Emilia Romagna,0.94,0.97,0.68,9.0,Partly cloudy
Max Verstappen,37.0,79.22,3.0,Emilia Romagna,0.94,0.97,0.68,9.0,Partly cloudy
Max Verstappen,38.0,78.719,3.0,Emilia Romagna,0.94,0.97,0.68,9.0,Partly cloudy
Max Verstappen,39.0,78.657,3.0,Emilia Romagna,0.94,0.97,0.68,9.0,Partly cloudy
Max Verstappen,40.0,79.005,3.0,Emilia Romagna,0.94,0.97,0.68,9.0,Partly cloudy
Max Verstappen,41.0,78.546,3.0,Emilia Romagna,0.94,0.97,0.68,9.0,Partly cloudy
Max Verstappen,42.0,79.432,3.0,Emilia Romagna,0.94,0.97,0.68,9.0,Partly cloudy
Max Verstappen,43.0,78.151,2.0,Emilia Romagna,0.94,0.97,0.68,9.0,Partly cloudy
Max Verstappen,44.0,77.637,2.0,Emilia Romagna,0.94,0.97,0.68,9.0,Partly cloudy
Max Verstappen,45.0,77.86,2.0,Emilia Romagna,0.94,0.97,0.68,9.0,Partly cloudy
Max Verstappen,46.0,78.193,2.0,Emilia Romagna,0.94,0.97,0.68,9.0,Partly cloudy
Max Verstappen,47.0,77.707,2.0,Emilia Romagna,0.94,0.97,0.68,9.0,Partly cloudy
Max Verstappen,48.0,77.924,2.0,Emilia Romagna,0.94,0.97,0.68,9.0,Partly cloudy
Max Verstappen,49.0,77.952,2.0,Emilia Romagna,0.94,0.97,0.68,9.0,Partly cloudy
Max Verstappen,50.0,77.932,2.0,Emilia Romagna,0.94,0.97,0.68,9.0,Partly cloudy
Kevin Magnussen,1.0,112.258,20.0,Emilia Romagna,0.78,0.73,0.68,13.0,Partly cloudy
Kevin Magnussen,2.0,81.583,19.0,Emilia Romagna,0.78,0.73,0.68,13.0,Partly cloudy
Kevin Magnussen,3.0,83.031,19.0,Emilia Romagna,0.78,0.73,0.68,13.0,Partly cloudy
Kevin Magnussen,4.0,80.71,19.0,Emilia Romagna,0.78,0.73,0.68,13.0,Partly cloudy
Kevin Magnussen,5.0,80.617,19.0,Emilia Romagna,0.78,0.73,0.68,13.0,Partly cloudy
Kevin Magnussen,6.0,80.687,19.0,Emilia Romagna,0.78,0.73,0.68,13.0,Partly cloudy
Kevin Magnussen,7.0,80.533,19.0,Emilia Romagna,0.78,0.73,0.68,13.0,Partly cloudy
Kevin Magnussen,8.0,81.044,19.0,Emilia Romagna,0.78,0.73,0.68,13.0,Partly cloudy
Kevin Magnussen,9.0,80.338,18.0,Emilia Romagna,0.78,0.73,0.68,13.0,Partly cloudy
Kevin Magnussen,10.0,80.201,17.0,Emilia Romagna,0.78,0.73,0.68,13.0,Partly cloudy
Kevin Magnussen,11.0,80.554,16.0,Emilia Romagna,0.78,0.73,0.68,13.0,Partly cloudy
Kevin Magnussen,12.0,80.267,15.0,Emilia Romagna,0.78,0.73,0.68,13.0,Partly cloudy
Kevin Magnussen,13.0,80.427,15.0,Emilia Romagna,0.78,0.73,0.68,13.0,Partly cloudy
Kevin Magnussen,14.0,80.436,12.0,Emilia Romagna,0.78,0.73,0.68,13.0,Partly cloudy
Kevin Magnussen,15.0,80.465,9.0,Emilia Romagna,0.78,0.73,0.68,13.0,Partly cloudy
Kevin Magnussen,16.0,80.226,9.0,Emilia Romagna,0.78,0.73,0.68,13.0,Partly cloudy
Kevin Magnussen,17.0,80.185,9.0,Emilia Romagna,0.78,0.73,0.68,13.0,Partly cloudy
Kevin Magnussen,18.0,80.059,8.0,Emilia Romagna,0.78,0.73,0.68,13.0,Partly cloudy
Kevin Magnussen,19.0,79.965,8.0,Emilia Romagna,0.78,0.73,0.68,13.0,Partly cloudy
Kevin Magnussen,20.0,80.174,8.0,Emilia Romagna,0.78,0.73,0.68,13.0,Partly cloudy
Kevin Magnussen,21.0,80.078,8.0,Emilia Romagna,0.78,0.73,0.68,13.0,Partly cloudy
Kevin Magnussen,22.0,80.156,8.0,Emilia Romagna,0.78,0.73,0.68,13.0,Partly cloudy
Kevin Magnussen,23.0,79.908,8.0,Emilia Romagna,0.78,0.73,0.68,13.0,Partly cloudy
Kevin Magnussen,24.0,79.985,8.0,Emilia Romagna,0.78,0.73,0.68,13.0,Partly cloudy
Kevin Magnussen,25.0,80.477,8.0,Emilia Romagna,0.78,0.73,0.68,13.0,Partly cloudy
Kevin Magnussen,26.0,80.38,8.0,Emilia Romagna,0.78,0.73,0.68,13.0,Partly cloudy
Kevin Magnussen,27.0,88.653,14.0,Emilia Romagna,0.78,0.73,0.68,13.0,Partly cloudy
Kevin Magnussen,28.0,104.811,18.0,Emilia Romagna,0.78,0.73,0.68,13.0,Partly cloudy
Kevin Magnussen,29.0,89.256,18.0,Emilia Romagna,0.78,0.73,0.68,13.0,Partly cloudy
Kevin Magnussen,30.0,82.941,17.0,Emilia Romagna,0.78,0.73,0.68,13.0,Partly cloudy
Kevin Magnussen,31.0,83.632,17.0,Emilia Romagna,0.78,0.73,0.68,13.0,Partly cloudy
Kevin Magnussen,32.0,79.586,17.0,Emilia Romagna,0.78,0.73,0.68,13.0,Partly cloudy
Kevin Magnussen,33.0,79.81,17.0,Emilia Romagna,0.78,0.73,0.68,13.0,Partly cloudy
Kevin Magnussen,34.0,79.602,17.0,Emilia Romagna,0.78,0.73,0.68,13.0,Partly cloudy
Kevin Magnussen,35.0,79.597,17.0,Emilia Romagna,0.78,0.73,0.68,13.0,Partly cloudy
Kevin Magnussen,36.0,80.608,18.0,Emilia Romagna,0.78,0.73,0.68,13.0,Partly cloudy
Kevin Magnussen,37.0,80.057,18.0,Emilia Romagna,0.78,0.73,0.68,13.0,Partly cloudy
Kevin Magnussen,38.0,79.643,18.0,Emilia Romagna,0.78,0.73,0.68,13.0,Partly cloudy
Kevin Magnussen,39.0,79.547,18.0,Emilia Romagna,0.78,0.73,0.68,13.0,Partly cloudy
Kevin Magnussen,40.0,79.508,18.0,Emilia Romagna,0.78,0.73,0.68,13.0,Partly cloudy
Kevin Magnussen,41.0,79.575,18.0,Emilia Romagna,0.78,0.73,0.68,13.0,Partly cloudy
Kevin Magnussen,42.0,79.595,18.0,Emilia Romagna,0.78,0.73,0.68,13.0,Partly cloudy
Kevin Magnussen,43.0,79.487,18.0,Emilia Romagna,0.78,0.73,0.68,13.0,Partly cloudy
Kevin Magnussen,44.0,79.576,18.0,Emilia Romagna,0.78,0.73,0.68,13.0,Partly cloudy
Kevin Magnussen,45.0,79.273,18.0,Emilia Romagna,0.78,0.73,0.68,13.0,Partly cloudy
Kevin Magnussen,46.0,79.525,18.0,Emilia Romagna,0.78,0.73,0.68,13.0,Partly cloudy
Kevin Magnussen,47.0,85.945,18.0,Emilia Romagna,0.78,0.73,0.68,13.0,Partly cloudy
Esteban Ocon,1.0,90.849,12.0,Emilia Romagna,0.91,0.86,0.58,32.0,Partly cloudy
Esteban Ocon,2.0,83.031,12.0,Emilia Romagna,0.91,0.86,0.58,32.0,Partly cloudy
Esteban Ocon,3.0,81.885,12.0,Emilia Romagna,0.91,0.86,0.58,32.0,Partly cloudy
Esteban Ocon,4.0,81.57,12.0,Emilia Romagna,0.91,0.86,0.58,32.0,Partly cloudy
Esteban Ocon,5.0,81.232,12.0,Emilia Romagna,0.91,0.86,0.58,32.0,Partly cloudy
Esteban Ocon,6.0,81.09,12.0,Emilia Romagna,0.91,0.86,0.58,32.0,Partly cloudy
Esteban Ocon,7.0,81.383,12.0,Emilia Romagna,0.91,0.86,0.58,32.0,Partly cloudy
Esteban Ocon,8.0,81.013,12.0,Emilia Romagna,0.91,0.86,0.58,32.0,Partly cloudy
Esteban Ocon,9.0,80.885,11.0,Emilia Romagna,0.91,0.86,0.58,32.0,Partly cloudy
Esteban Ocon,10.0,80.574,11.0,Emilia Romagna,0.91,0.86,0.58,32.0,Partly cloudy
Esteban Ocon,11.0,80.965,11.0,Emilia Romagna,0.91,0.86,0.58,32.0,Partly cloudy
Esteban Ocon,12.0,81.005,11.0,Emilia Romagna,0.91,0.86,0.58,32.0,Partly cloudy
Esteban Ocon,13.0,85.453,12.0,Emilia Romagna,0.91,0.86,0.58,32.0,Partly cloudy
Esteban Ocon,14.0,104.267,16.0,Emilia Romagna,0.91,0.86,0.58,32.0,Partly cloudy
Esteban Ocon,15.0,80.204,16.0,Emilia Romagna,0.91,0.86,0.58,32.0,Partly cloudy
Esteban Ocon,16.0,80.089,16.0,Emilia Romagna,0.91,0.86,0.58,32.0,Partly cloudy
Esteban Ocon,17.0,80.256,16.0,Emilia Romagna,0.91,0.86,0.58,32.0,Partly cloudy
Esteban Ocon,18.0,80.21,16.0,Emilia Romagna,0.91,0.86,0.58,32.0,Partly cloudy
Esteban Ocon,19.0,80.792,16.0,Emilia Romagna,0.91,0.86,0.58,32.0,Partly cloudy
Esteban Ocon,20.0,81.052,16.0,Emilia Romagna,0.91,0.86,0.58,32.0,Partly cloudy
Esteban Ocon,21.0,81.319,16.0,Emilia Romagna,0.91,0.86,0.58,32.0,Partly cloudy
Esteban Ocon,22.0,79.606,16.0,Emilia Romagna,0.91,0.86,0.58,32.0,Partly cloudy
Esteban Ocon,23.0,79.728,16.0,Emilia Romagna,0.91,0.86,0.58,32.0,Partly cloudy
Esteban Ocon,24.0,79.986,16.0,Emilia Romagna,0.91,0.86,0.58,32.0,Partly cloudy
Esteban Ocon,25.0,80.044,16.0,Emilia Romagna,0.91,0.86,0.58,32.0,Partly cloudy
Esteban Ocon,26.0,80.033,16.0,Emilia Romagna,0.91,0.86,0.58,32.0,Partly cloudy
Esteban Ocon,27.0,79.975,16.0,Emilia Romagna,0.91,0.86,0.58,32.0,Partly cloudy
Pierre Gasly,1.0,86.537,5.0,Emilia Romagna,0.86,0.96,0.57,48.0,Partly cloudy
Pierre Gasly,2.0,81.793,5.0,Emilia Romagna,0.86,0.96,0.57,48.0,Partly cloudy
Pierre Gasly,3.0,80.835,5.0,Emilia Romagna,0.86,0.96,0.57,48.0,Partly cloudy
Pierre Gasly,4.0,80.837,5.0,Emilia Romagna,0.86,0.96,0.57,48.0,Partly cloudy
Pierre Gasly,5.0,80.403,5.0,Emilia Romagna,0.86,0.96,0.57,48.0,Partly cloudy
Pierre Gasly,6.0,80.816,5.0,Emilia Romagna,0.86,0.96,0.57,48.0,Partly cloudy
Pierre Gasly,7.0,80.446,5.0,Emilia Romagna,0.86,0.96,0.57,48.0,Partly cloudy
Pierre Gasly,8.0,85.12,7.0,Emilia Romagna,0.86,0.96,0.57,48.0,Partly cloudy
