driver,lap_number,lap_time,position,race,aggressiveness,defensive_ability,stamina,total_overtakes,championships,employees,engine_manufacturer,Age,weather
Lewis Hamilton,1.0,78.184,1.0,Styria,0.92,0.84,0.92,0.0,8,1200,1,35.0,Sunny
Lewis Hamilton,2.0,125.472,1.0,Styria,0.92,0.84,0.92,0.0,8,1200,1,35.0,Sunny
Lewis Hamilton,3.0,107.6,1.0,Styria,0.92,0.84,0.92,0.0,8,1200,1,35.0,Sunny
Lewis Hamilton,4.0,68.631,1.0,Styria,0.92,0.84,0.92,0.0,8,1200,1,35.0,Sunny
Lewis Hamilton,5.0,68.968,1.0,Styria,0.92,0.84,0.92,0.0,8,1200,1,35.0,Sunny
Lewis Hamilton,6.0,68.897,1.0,Styria,0.92,0.84,0.92,0.0,8,1200,1,35.0,Sunny
Lewis Hamilton,7.0,68.61,1.0,Styria,0.92,0.84,0.92,0.0,8,1200,1,35.0,Sunny
Lewis Hamilton,8.0,68.581,1.0,Styria,0.92,0.84,0.92,0.0,8,1200,1,35.0,Sunny
Lewis Hamilton,9.0,68.845,1.0,Styria,0.92,0.84,0.92,0.0,8,1200,1,35.0,Sunny
Lewis Hamilton,10.0,68.774,1.0,Styria,0.92,0.84,0.92,0.0,8,1200,1,35.0,Sunny
Lewis Hamilton,11.0,69.012,1.0,Styria,0.92,0.84,0.92,0.0,8,1200,1,35.0,Sunny
Lewis Hamilton,12.0,68.653,1.0,Styria,0.92,0.84,0.92,0.0,8,1200,1,35.0,Sunny
Lewis Hamilton,13.0,68.484,1.0,Styria,0.92,0.84,0.92,0.0,8,1200,1,35.0,Sunny
Lewis Hamilton,14.0,68.85,1.0,Styria,0.92,0.84,0.92,0.0,8,1200,1,35.0,Sunny
Lewis Hamilton,15.0,68.561,1.0,Styria,0.92,0.84,0.92,0.0,8,1200,1,35.0,Sunny
Lewis Hamilton,16.0,68.552,1.0,Styria,0.92,0.84,0.92,0.0,8,1200,1,35.0,Sunny
Lewis Hamilton,17.0,68.813,1.0,Styria,0.92,0.84,0.92,0.0,8,1200,1,35.0,Sunny
Lewis Hamilton,18.0,68.491,1.0,Styria,0.92,0.84,0.92,0.0,8,1200,1,35.0,Sunny
Lewis Hamilton,19.0,68.385,1.0,Styria,0.92,0.84,0.92,0.0,8,1200,1,35.0,Sunny
Lewis Hamilton,20.0,68.183,1.0,Styria,0.92,0.84,0.92,0.0,8,1200,1,35.0,Sunny
Lewis Hamilton,21.0,68.419,1.0,Styria,0.92,0.84,0.92,0.0,8,1200,1,35.0,Sunny
Lewis Hamilton,22.0,68.319,1.0,Styria,0.92,0.84,0.92,0.0,8,1200,1,35.0,Sunny
Lewis Hamilton,23.0,68.782,1.0,Styria,0.92,0.84,0.92,0.0,8,1200,1,35.0,Sunny
Lewis Hamilton,24.0,68.539,1.0,Styria,0.92,0.84,0.92,0.0,8,1200,1,35.0,Sunny
Lewis Hamilton,25.0,68.404,1.0,Styria,0.92,0.84,0.92,0.0,8,1200,1,35.0,Sunny
Lewis Hamilton,26.0,68.482,1.0,Styria,0.92,0.84,0.92,0.0,8,1200,1,35.0,Sunny
Lewis Hamilton,27.0,71.845,1.0,Styria,0.92,0.84,0.92,0.0,8,1200,1,35.0,Sunny
Lewis Hamilton,28.0,85.661,2.0,Styria,0.92,0.84,0.92,0.0,8,1200,1,35.0,Sunny
Lewis Hamilton,29.0,67.863,2.0,Styria,0.92,0.84,0.92,0.0,8,1200,1,35.0,Sunny
Lewis Hamilton,30.0,68.071,2.0,Styria,0.92,0.84,0.92,0.0,8,1200,1,35.0,Sunny
Lewis Hamilton,31.0,68.135,2.0,Styria,0.92,0.84,0.92,0.0,8,1200,1,35.0,Sunny
Lewis Hamilton,32.0,68.033,2.0,Styria,0.92,0.84,0.92,0.0,8,1200,1,35.0,Sunny
Lewis Hamilton,33.0,67.897,2.0,Styria,0.92,0.84,0.92,0.0,8,1200,1,35.0,Sunny
Lewis Hamilton,34.0,68.094,2.0,Styria,0.92,0.84,0.92,0.0,8,1200,1,35.0,Sunny
Lewis Hamilton,35.0,68.409,1.0,Styria,0.92,0.84,0.92,0.0,8,1200,1,35.0,Sunny
Lewis Hamilton,36.0,67.95,1.0,Styria,0.92,0.84,0.92,0.0,8,1200,1,35.0,Sunny
Lewis Hamilton,37.0,67.876,1.0,Styria,0.92,0.84,0.92,0.0,8,1200,1,35.0,Sunny
Lewis Hamilton,38.0,68.467,1.0,Styria,0.92,0.84,0.92,0.0,8,1200,1,35.0,Sunny
Lewis Hamilton,39.0,67.651,1.0,Styria,0.92,0.84,0.92,0.0,8,1200,1,35.0,Sunny
Lewis Hamilton,40.0,68.04,1.0,Styria,0.92,0.84,0.92,0.0,8,1200,1,35.0,Sunny
Lewis Hamilton,41.0,67.864,1.0,Styria,0.92,0.84,0.92,0.0,8,1200,1,35.0,Sunny
Lewis Hamilton,42.0,68.157,1.0,Styria,0.92,0.84,0.92,0.0,8,1200,1,35.0,Sunny
Lewis Hamilton,43.0,67.744,1.0,Styria,0.92,0.84,0.92,0.0,8,1200,1,35.0,Sunny
Lewis Hamilton,44.0,67.953,1.0,Styria,0.92,0.84,0.92,0.0,8,1200,1,35.0,Sunny
Lewis Hamilton,45.0,68.286,1.0,Styria,0.92,0.84,0.92,0.0,8,1200,1,35.0,Sunny
Lewis Hamilton,46.0,68.47,1.0,Styria,0.92,0.84,0.92,0.0,8,1200,1,35.0,Sunny
Lewis Hamilton,47.0,68.063,1.0,Styria,0.92,0.84,0.92,0.0,8,1200,1,35.0,Sunny
Lewis Hamilton,48.0,68.169,1.0,Styria,0.92,0.84,0.92,0.0,8,1200,1,35.0,Sunny
Lewis Hamilton,49.0,68.182,1.0,Styria,0.92,0.84,0.92,0.0,8,1200,1,35.0,Sunny
Lewis Hamilton,50.0,68.058,1.0,Styria,0.92,0.84,0.92,0.0,8,1200,1,35.0,Sunny
Lewis Hamilton,51.0,67.935,1.0,Styria,0.92,0.84,0.92,0.0,8,1200,1,35.0,Sunny
Lewis Hamilton,52.0,68.032,1.0,Styria,0.92,0.84,0.92,0.0,8,1200,1,35.0,Sunny
Lewis Hamilton,53.0,67.983,1.0,Styria,0.92,0.84,0.92,0.0,8,1200,1,35.0,Sunny
Lewis Hamilton,54.0,67.962,1.0,Styria,0.92,0.84,0.92,0.0,8,1200,1,35.0,Sunny
Lewis Hamilton,55.0,67.767,1.0,Styria,0.92,0.84,0.92,0.0,8,1200,1,35.0,Sunny
Lewis Hamilton,56.0,67.895,1.0,Styria,0.92,0.84,0.92,0.0,8,1200,1,35.0,Sunny
Lewis Hamilton,57.0,68.015,1.0,Styria,0.92,0.84,0.92,0.0,8,1200,1,35.0,Sunny
Lewis Hamilton,58.0,67.977,1.0,Styria,0.92,0.84,0.92,0.0,8,1200,1,35.0,Sunny
Lewis Hamilton,59.0,68.133,1.0,Styria,0.92,0.84,0.92,0.0,8,1200,1,35.0,Sunny
Lewis Hamilton,60.0,67.929,1.0,Styria,0.92,0.84,0.92,0.0,8,1200,1,35.0,Sunny
Lewis Hamilton,61.0,68.209,1.0,Styria,0.92,0.84,0.92,0.0,8,1200,1,35.0,Sunny
Lewis Hamilton,62.0,67.781,1.0,Styria,0.92,0.84,0.92,0.0,8,1200,1,35.0,Sunny
Lewis Hamilton,63.0,67.664,1.0,Styria,0.92,0.84,0.92,0.0,8,1200,1,35.0,Sunny
Lewis Hamilton,64.0,67.704,1.0,Styria,0.92,0.84,0.92,0.0,8,1200,1,35.0,Sunny
Lewis Hamilton,65.0,69.083,1.0,Styria,0.92,0.84,0.92,0.0,8,1200,1,35.0,Sunny
Lewis Hamilton,66.0,67.018,1.0,Styria,0.92,0.84,0.92,0.0,8,1200,1,35.0,Sunny
Lewis Hamilton,67.0,67.834,1.0,Styria,0.92,0.84,0.92,0.0,8,1200,1,35.0,Sunny
Lewis Hamilton,68.0,66.719,1.0,Styria,0.92,0.84,0.92,0.0,8,1200,1,35.0,Sunny
Lewis Hamilton,69.0,68.124,1.0,Styria,0.92,0.84,0.92,0.0,8,1200,1,35.0,Sunny
Lewis Hamilton,70.0,68.162,1.0,Styria,0.92,0.84,0.92,0.0,8,1200,1,35.0,Sunny
Lewis Hamilton,71.0,68.328,1.0,Styria,0.92,0.84,0.92,0.0,8,1200,1,35.0,Sunny
Valtteri Bottas,1.0,85.391,4.0,Styria,0.87,0.99,0.74,3.0,8,1200,1,30.0,Sunny
Valtteri Bottas,2.0,121.395,4.0,Styria,0.87,0.99,0.74,3.0,8,1200,1,30.0,Sunny
Valtteri Bottas,3.0,106.19,4.0,Styria,0.87,0.99,0.74,3.0,8,1200,1,30.0,Sunny
Valtteri Bottas,4.0,70.776,4.0,Styria,0.87,0.99,0.74,3.0,8,1200,1,30.0,Sunny
Valtteri Bottas,5.0,70.607,4.0,Styria,0.87,0.99,0.74,3.0,8,1200,1,30.0,Sunny
Valtteri Bottas,6.0,69.311,3.0,Styria,0.87,0.99,0.74,3.0,8,1200,1,30.0,Sunny
Valtteri Bottas,7.0,69.189,3.0,Styria,0.87,0.99,0.74,3.0,8,1200,1,30.0,Sunny
Valtteri Bottas,8.0,68.96,3.0,Styria,0.87,0.99,0.74,3.0,8,1200,1,30.0,Sunny
Valtteri Bottas,9.0,68.656,3.0,Styria,0.87,0.99,0.74,3.0,8,1200,1,30.0,Sunny
Valtteri Bottas,10.0,68.683,3.0,Styria,0.87,0.99,0.74,3.0,8,1200,1,30.0,Sunny
Valtteri Bottas,11.0,68.806,3.0,Styria,0.87,0.99,0.74,3.0,8,1200,1,30.0,Sunny
Valtteri Bottas,12.0,68.531,3.0,Styria,0.87,0.99,0.74,3.0,8,1200,1,30.0,Sunny
Valtteri Bottas,13.0,68.907,3.0,Styria,0.87,0.99,0.74,3.0,8,1200,1,30.0,Sunny
Valtteri Bottas,14.0,68.703,3.0,Styria,0.87,0.99,0.74,3.0,8,1200,1,30.0,Sunny
Valtteri Bottas,15.0,68.67,3.0,Styria,0.87,0.99,0.74,3.0,8,1200,1,30.0,Sunny
Valtteri Bottas,16.0,68.557,3.0,Styria,0.87,0.99,0.74,3.0,8,1200,1,30.0,Sunny
Valtteri Bottas,17.0,68.737,3.0,Styria,0.87,0.99,0.74,3.0,8,1200,1,30.0,Sunny
Valtteri Bottas,18.0,68.742,3.0,Styria,0.87,0.99,0.74,3.0,8,1200,1,30.0,Sunny
Valtteri Bottas,19.0,68.724,3.0,Styria,0.87,0.99,0.74,3.0,8,1200,1,30.0,Sunny
Valtteri Bottas,20.0,68.433,3.0,Styria,0.87,0.99,0.74,3.0,8,1200,1,30.0,Sunny
Valtteri Bottas,21.0,68.614,3.0,Styria,0.87,0.99,0.74,3.0,8,1200,1,30.0,Sunny
Valtteri Bottas,22.0,68.439,3.0,Styria,0.87,0.99,0.74,3.0,8,1200,1,30.0,Sunny
Valtteri Bottas,23.0,68.738,3.0,Styria,0.87,0.99,0.74,3.0,8,1200,1,30.0,Sunny
Valtteri Bottas,24.0,68.831,2.0,Styria,0.87,0.99,0.74,3.0,8,1200,1,30.0,Sunny
Valtteri Bottas,25.0,68.813,2.0,Styria,0.87,0.99,0.74,3.0,8,1200,1,30.0,Sunny
Valtteri Bottas,26.0,68.477,2.0,Styria,0.87,0.99,0.74,3.0,8,1200,1,30.0,Sunny
Valtteri Bottas,27.0,68.748,2.0,Styria,0.87,0.99,0.74,3.0,8,1200,1,30.0,Sunny
Valtteri Bottas,28.0,68.386,1.0,Styria,0.87,0.99,0.74,3.0,8,1200,1,30.0,Sunny
Valtteri Bottas,29.0,68.54,1.0,Styria,0.87,0.99,0.74,3.0,8,1200,1,30.0,Sunny
Valtteri Bottas,30.0,68.751,1.0,Styria,0.87,0.99,0.74,3.0,8,1200,1,30.0,Sunny
Valtteri Bottas,31.0,68.559,1.0,Styria,0.87,0.99,0.74,3.0,8,1200,1,30.0,Sunny
Valtteri Bottas,32.0,68.754,1.0,Styria,0.87,0.99,0.74,3.0,8,1200,1,30.0,Sunny
Valtteri Bottas,33.0,68.792,1.0,Styria,0.87,0.99,0.74,3.0,8,1200,1,30.0,Sunny
Valtteri Bottas,34.0,72.773,1.0,Styria,0.87,0.99,0.74,3.0,8,1200,1,30.0,Sunny
Valtteri Bottas,35.0,85.416,3.0,Styria,0.87,0.99,0.74,3.0,8,1200,1,30.0,Sunny
Valtteri Bottas,36.0,68.026,3.0,Styria,0.87,0.99,0.74,3.0,8,1200,1,30.0,Sunny
Valtteri Bottas,37.0,67.998,3.0,Styria,0.87,0.99,0.74,3.0,8,1200,1,30.0,Sunny
Valtteri Bottas,38.0,67.966,3.0,Styria,0.87,0.99,0.74,3.0,8,1200,1,30.0,Sunny
Valtteri Bottas,39.0,67.628,3.0,Styria,0.87,0.99,0.74,3.0,8,1200,1,30.0,Sunny
Valtteri Bottas,40.0,67.591,3.0,Styria,0.87,0.99,0.74,3.0,8,1200,1,30.0,Sunny
Valtteri Bottas,41.0,67.655,3.0,Styria,0.87,0.99,0.74,3.0,8,1200,1,30.0,Sunny
Valtteri Bottas,42.0,67.82,3.0,Styria,0.87,0.99,0.74,3.0,8,1200,1,30.0,Sunny
Valtteri Bottas,43.0,67.678,3.0,Styria,0.87,0.99,0.74,3.0,8,1200,1,30.0,Sunny
Valtteri Bottas,44.0,68.3,3.0,Styria,0.87,0.99,0.74,3.0,8,1200,1,30.0,Sunny
Valtteri Bottas,45.0,68.587,3.0,Styria,0.87,0.99,0.74,3.0,8,1200,1,30.0,Sunny
Valtteri Bottas,46.0,69.014,3.0,Styria,0.87,0.99,0.74,3.0,8,1200,1,30.0,Sunny
Valtteri Bottas,47.0,68.17,3.0,Styria,0.87,0.99,0.74,3.0,8,1200,1,30.0,Sunny
Valtteri Bottas,48.0,69.009,3.0,Styria,0.87,0.99,0.74,3.0,8,1200,1,30.0,Sunny
Valtteri Bottas,49.0,68.752,3.0,Styria,0.87,0.99,0.74,3.0,8,1200,1,30.0,Sunny
Valtteri Bottas,50.0,68.119,3.0,Styria,0.87,0.99,0.74,3.0,8,1200,1,30.0,Sunny
Valtteri Bottas,51.0,67.618,3.0,Styria,0.87,0.99,0.74,3.0,8,1200,1,30.0,Sunny
Valtteri Bottas,52.0,67.849,3.0,Styria,0.87,0.99,0.74,3.0,8,1200,1,30.0,Sunny
Valtteri Bottas,53.0,67.716,3.0,Styria,0.87,0.99,0.74,3.0,8,1200,1,30.0,Sunny
Valtteri Bottas,54.0,67.731,3.0,Styria,0.87,0.99,0.74,3.0,8,1200,1,30.0,Sunny
Valtteri Bottas,55.0,67.631,3.0,Styria,0.87,0.99,0.74,3.0,8,1200,1,30.0,Sunny
Valtteri Bottas,56.0,67.833,3.0,Styria,0.87,0.99,0.74,3.0,8,1200,1,30.0,Sunny
Valtteri Bottas,57.0,67.789,3.0,Styria,0.87,0.99,0.74,3.0,8,1200,1,30.0,Sunny
Valtteri Bottas,58.0,67.813,3.0,Styria,0.87,0.99,0.74,3.0,8,1200,1,30.0,Sunny
Valtteri Bottas,59.0,67.749,3.0,Styria,0.87,0.99,0.74,3.0,8,1200,1,30.0,Sunny
Valtteri Bottas,60.0,67.816,3.0,Styria,0.87,0.99,0.74,3.0,8,1200,1,30.0,Sunny
Valtteri Bottas,61.0,67.666,3.0,Styria,0.87,0.99,0.74,3.0,8,1200,1,30.0,Sunny
Valtteri Bottas,62.0,67.534,3.0,Styria,0.87,0.99,0.74,3.0,8,1200,1,30.0,Sunny
Valtteri Bottas,63.0,67.785,3.0,Styria,0.87,0.99,0.74,3.0,8,1200,1,30.0,Sunny
Valtteri Bottas,64.0,67.75,3.0,Styria,0.87,0.99,0.74,3.0,8,1200,1,30.0,Sunny
Valtteri Bottas,65.0,67.691,3.0,Styria,0.87,0.99,0.74,3.0,8,1200,1,30.0,Sunny
Valtteri Bottas,66.0,68.847,3.0,Styria,0.87,0.99,0.74,3.0,8,1200,1,30.0,Sunny
Valtteri Bottas,67.0,69.184,2.0,Styria,0.87,0.99,0.74,3.0,8,1200,1,30.0,Sunny
Valtteri Bottas,68.0,67.939,2.0,Styria,0.87,0.99,0.74,3.0,8,1200,1,30.0,Sunny
Valtteri Bottas,69.0,67.618,2.0,Styria,0.87,0.99,0.74,3.0,8,1200,1,30.0,Sunny
Valtteri Bottas,70.0,67.807,2.0,Styria,0.87,0.99,0.74,3.0,8,1200,1,30.0,Sunny
Valtteri Bottas,71.0,68.124,2.0,Styria,0.87,0.99,0.74,3.0,8,1200,1,30.0,Sunny
Max Verstappen,1.0,81.063,2.0,Styria,0.94,0.97,0.68,1.0,4,1000,1,22.0,Sunny
Max Verstappen,2.0,123.866,2.0,Styria,0.94,0.97,0.68,1.0,4,1000,1,22.0,Sunny
Max Verstappen,3.0,106.919,2.0,Styria,0.94,0.97,0.68,1.0,4,1000,1,22.0,Sunny
Max Verstappen,4.0,69.382,2.0,Styria,0.94,0.97,0.68,1.0,4,1000,1,22.0,Sunny
Max Verstappen,5.0,69.086,2.0,Styria,0.94,0.97,0.68,1.0,4,1000,1,22.0,Sunny
Max Verstappen,6.0,68.993,2.0,Styria,0.94,0.97,0.68,1.0,4,1000,1,22.0,Sunny
Max Verstappen,7.0,69.084,2.0,Styria,0.94,0.97,0.68,1.0,4,1000,1,22.0,Sunny
Max Verstappen,8.0,69.065,2.0,Styria,0.94,0.97,0.68,1.0,4,1000,1,22.0,Sunny
Max Verstappen,9.0,68.925,2.0,Styria,0.94,0.97,0.68,1.0,4,1000,1,22.0,Sunny
Max Verstappen,10.0,68.836,2.0,Styria,0.94,0.97,0.68,1.0,4,1000,1,22.0,Sunny
Max Verstappen,11.0,68.798,2.0,Styria,0.94,0.97,0.68,1.0,4,1000,1,22.0,Sunny
Max Verstappen,12.0,68.693,2.0,Styria,0.94,0.97,0.68,1.0,4,1000,1,22.0,Sunny
Max Verstappen,13.0,68.889,2.0,Styria,0.94,0.97,0.68,1.0,4,1000,1,22.0,Sunny
Max Verstappen,14.0,68.763,2.0,Styria,0.94,0.97,0.68,1.0,4,1000,1,22.0,Sunny
Max Verstappen,15.0,68.888,2.0,Styria,0.94,0.97,0.68,1.0,4,1000,1,22.0,Sunny
Max Verstappen,16.0,68.853,2.0,Styria,0.94,0.97,0.68,1.0,4,1000,1,22.0,Sunny
Max Verstappen,17.0,68.839,2.0,Styria,0.94,0.97,0.68,1.0,4,1000,1,22.0,Sunny
Max Verstappen,18.0,68.801,2.0,Styria,0.94,0.97,0.68,1.0,4,1000,1,22.0,Sunny
Max Verstappen,19.0,68.725,2.0,Styria,0.94,0.97,0.68,1.0,4,1000,1,22.0,Sunny
Max Verstappen,20.0,68.82,2.0,Styria,0.94,0.97,0.68,1.0,4,1000,1,22.0,Sunny
Max Verstappen,21.0,68.831,2.0,Styria,0.94,0.97,0.68,1.0,4,1000,1,22.0,Sunny
Max Verstappen,22.0,68.7,2.0,Styria,0.94,0.97,0.68,1.0,4,1000,1,22.0,Sunny
Max Verstappen,23.0,68.887,2.0,Styria,0.94,0.97,0.68,1.0,4,1000,1,22.0,Sunny
Max Verstappen,24.0,72.205,3.0,Styria,0.94,0.97,0.68,1.0,4,1000,1,22.0,Sunny
Max Verstappen,25.0,84.818,3.0,Styria,0.94,0.97,0.68,1.0,4,1000,1,22.0,Sunny
Max Verstappen,26.0,68.248,3.0,Styria,0.94,0.97,0.68,1.0,4,1000,1,22.0,Sunny
Max Verstappen,27.0,68.466,3.0,Styria,0.94,0.97,0.68,1.0,4,1000,1,22.0,Sunny
Max Verstappen,28.0,68.376,3.0,Styria,0.94,0.97,0.68,1.0,4,1000,1,22.0,Sunny
Max Verstappen,29.0,68.069,3.0,Styria,0.94,0.97,0.68,1.0,4,1000,1,22.0,Sunny
Max Verstappen,30.0,68.112,3.0,Styria,0.94,0.97,0.68,1.0,4,1000,1,22.0,Sunny
Max Verstappen,31.0,68.133,3.0,Styria,0.94,0.97,0.68,1.0,4,1000,1,22.0,Sunny
Max Verstappen,32.0,68.234,3.0,Styria,0.94,0.97,0.68,1.0,4,1000,1,22.0,Sunny
Max Verstappen,33.0,68.015,3.0,Styria,0.94,0.97,0.68,1.0,4,1000,1,22.0,Sunny
Max Verstappen,34.0,67.901,3.0,Styria,0.94,0.97,0.68,1.0,4,1000,1,22.0,Sunny
Max Verstappen,35.0,68.049,2.0,Styria,0.94,0.97,0.68,1.0,4,1000,1,22.0,Sunny
Max Verstappen,36.0,67.972,2.0,Styria,0.94,0.97,0.68,1.0,4,1000,1,22.0,Sunny
Max Verstappen,37.0,67.909,2.0,Styria,0.94,0.97,0.68,1.0,4,1000,1,22.0,Sunny
Max Verstappen,38.0,68.041,2.0,Styria,0.94,0.97,0.68,1.0,4,1000,1,22.0,Sunny
Max Verstappen,39.0,68.164,2.0,Styria,0.94,0.97,0.68,1.0,4,1000,1,22.0,Sunny
Max Verstappen,40.0,68.041,2.0,Styria,0.94,0.97,0.68,1.0,4,1000,1,22.0,Sunny
Max Verstappen,41.0,68.148,2.0,Styria,0.94,0.97,0.68,1.0,4,1000,1,22.0,Sunny
Max Verstappen,42.0,67.81,2.0,Styria,0.94,0.97,0.68,1.0,4,1000,1,22.0,Sunny
Max Verstappen,43.0,68.029,2.0,Styria,0.94,0.97,0.68,1.0,4,1000,1,22.0,Sunny
Max Verstappen,44.0,68.12,2.0,Styria,0.94,0.97,0.68,1.0,4,1000,1,22.0,Sunny
Max Verstappen,45.0,67.984,2.0,Styria,0.94,0.97,0.68,1.0,4,1000,1,22.0,Sunny
Max Verstappen,46.0,68.236,2.0,Styria,0.94,0.97,0.68,1.0,4,1000,1,22.0,Sunny
Max Verstappen,47.0,68.105,2.0,Styria,0.94,0.97,0.68,1.0,4,1000,1,22.0,Sunny
Max Verstappen,48.0,68.121,2.0,Styria,0.94,0.97,0.68,1.0,4,1000,1,22.0,Sunny
Max Verstappen,49.0,68.238,2.0,Styria,0.94,0.97,0.68,1.0,4,1000,1,22.0,Sunny
Max Verstappen,50.0,68.191,2.0,Styria,0.94,0.97,0.68,1.0,4,1000,1,22.0,Sunny
Max Verstappen,51.0,68.328,2.0,Styria,0.94,0.97,0.68,1.0,4,1000,1,22.0,Sunny
Max Verstappen,52.0,68.34,2.0,Styria,0.94,0.97,0.68,1.0,4,1000,1,22.0,Sunny
Max Verstappen,53.0,68.174,2.0,Styria,0.94,0.97,0.68,1.0,4,1000,1,22.0,Sunny
Max Verstappen,54.0,68.192,2.0,Styria,0.94,0.97,0.68,1.0,4,1000,1,22.0,Sunny
Max Verstappen,55.0,68.149,2.0,Styria,0.94,0.97,0.68,1.0,4,1000,1,22.0,Sunny
Max Verstappen,56.0,67.962,2.0,Styria,0.94,0.97,0.68,1.0,4,1000,1,22.0,Sunny
Max Verstappen,57.0,68.556,2.0,Styria,0.94,0.97,0.68,1.0,4,1000,1,22.0,Sunny
Max Verstappen,58.0,68.394,2.0,Styria,0.94,0.97,0.68,1.0,4,1000,1,22.0,Sunny
Max Verstappen,59.0,68.224,2.0,Styria,0.94,0.97,0.68,1.0,4,1000,1,22.0,Sunny
Max Verstappen,60.0,68.692,2.0,Styria,0.94,0.97,0.68,1.0,4,1000,1,22.0,Sunny
Max Verstappen,61.0,68.27,2.0,Styria,0.94,0.97,0.68,1.0,4,1000,1,22.0,Sunny
Max Verstappen,62.0,68.125,2.0,Styria,0.94,0.97,0.68,1.0,4,1000,1,22.0,Sunny
Max Verstappen,63.0,68.345,2.0,Styria,0.94,0.97,0.68,1.0,4,1000,1,22.0,Sunny
Max Verstappen,64.0,68.501,2.0,Styria,0.94,0.97,0.68,1.0,4,1000,1,22.0,Sunny
Max Verstappen,65.0,68.532,2.0,Styria,0.94,0.97,0.68,1.0,4,1000,1,22.0,Sunny
Max Verstappen,66.0,68.956,2.0,Styria,0.94,0.97,0.68,1.0,4,1000,1,22.0,Sunny
Max Verstappen,67.0,70.794,3.0,Styria,0.94,0.97,0.68,1.0,4,1000,1,22.0,Sunny
Max Verstappen,68.0,72.203,3.0,Styria,0.94,0.97,0.68,1.0,4,1000,1,22.0,Sunny
Max Verstappen,69.0,85.459,3.0,Styria,0.94,0.97,0.68,1.0,4,1000,1,22.0,Sunny
Max Verstappen,70.0,66.145,3.0,Styria,0.94,0.97,0.68,1.0,4,1000,1,22.0,Sunny
Max Verstappen,71.0,66.599,3.0,Styria,0.94,0.97,0.68,1.0,4,1000,1,22.0,Sunny
Alexander Albon,1.0,87.279,5.0,Styria,0.86,0.66,0.57,1.0,4,1000,1,24.0,Sunny
Alexander Albon,2.0,120.714,5.0,Styria,0.86,0.66,0.57,1.0,4,1000,1,24.0,Sunny
Alexander Albon,3.0,105.619,5.0,Styria,0.86,0.66,0.57,1.0,4,1000,1,24.0,Sunny
Alexander Albon,4.0,71.008,5.0,Styria,0.86,0.66,0.57,1.0,4,1000,1,24.0,Sunny
Alexander Albon,5.0,70.745,5.0,Styria,0.86,0.66,0.57,1.0,4,1000,1,24.0,Sunny
Alexander Albon,6.0,70.549,5.0,Styria,0.86,0.66,0.57,1.0,4,1000,1,24.0,Sunny
Alexander Albon,7.0,70.405,5.0,Styria,0.86,0.66,0.57,1.0,4,1000,1,24.0,Sunny
Alexander Albon,8.0,69.748,4.0,Styria,0.86,0.66,0.57,1.0,4,1000,1,24.0,Sunny
Alexander Albon,9.0,69.707,4.0,Styria,0.86,0.66,0.57,1.0,4,1000,1,24.0,Sunny
Alexander Albon,10.0,69.8,4.0,Styria,0.86,0.66,0.57,1.0,4,1000,1,24.0,Sunny
Alexander Albon,11.0,69.742,4.0,Styria,0.86,0.66,0.57,1.0,4,1000,1,24.0,Sunny
Alexander Albon,12.0,69.632,4.0,Styria,0.86,0.66,0.57,1.0,4,1000,1,24.0,Sunny
Alexander Albon,13.0,69.703,4.0,Styria,0.86,0.66,0.57,1.0,4,1000,1,24.0,Sunny
Alexander Albon,14.0,69.771,4.0,Styria,0.86,0.66,0.57,1.0,4,1000,1,24.0,Sunny
Alexander Albon,15.0,69.979,4.0,Styria,0.86,0.66,0.57,1.0,4,1000,1,24.0,Sunny
Alexander Albon,16.0,69.589,4.0,Styria,0.86,0.66,0.57,1.0,4,1000,1,24.0,Sunny
Alexander Albon,17.0,69.64,4.0,Styria,0.86,0.66,0.57,1.0,4,1000,1,24.0,Sunny
Alexander Albon,18.0,69.59,4.0,Styria,0.86,0.66,0.57,1.0,4,1000,1,24.0,Sunny
Alexander Albon,19.0,69.786,4.0,Styria,0.86,0.66,0.57,1.0,4,1000,1,24.0,Sunny
Alexander Albon,20.0,69.355,4.0,Styria,0.86,0.66,0.57,1.0,4,1000,1,24.0,Sunny
Alexander Albon,21.0,69.819,4.0,Styria,0.86,0.66,0.57,1.0,4,1000,1,24.0,Sunny
Alexander Albon,22.0,69.634,4.0,Styria,0.86,0.66,0.57,1.0,4,1000,1,24.0,Sunny
Alexander Albon,23.0,69.495,4.0,Styria,0.86,0.66,0.57,1.0,4,1000,1,24.0,Sunny
Alexander Albon,24.0,69.446,4.0,Styria,0.86,0.66,0.57,1.0,4,1000,1,24.0,Sunny
Alexander Albon,25.0,69.595,4.0,Styria,0.86,0.66,0.57,1.0,4,1000,1,24.0,Sunny
Alexander Albon,26.0,69.441,4.0,Styria,0.86,0.66,0.57,1.0,4,1000,1,24.0,Sunny
Alexander Albon,27.0,69.36,4.0,Styria,0.86,0.66,0.57,1.0,4,1000,1,24.0,Sunny
Alexander Albon,28.0,69.205,4.0,Styria,0.86,0.66,0.57,1.0,4,1000,1,24.0,Sunny
Alexander Albon,29.0,69.045,4.0,Styria,0.86,0.66,0.57,1.0,4,1000,1,24.0,Sunny
Alexander Albon,30.0,68.948,4.0,Styria,0.86,0.66,0.57,1.0,4,1000,1,24.0,Sunny
Alexander Albon,31.0,68.973,4.0,Styria,0.86,0.66,0.57,1.0,4,1000,1,24.0,Sunny
Alexander Albon,32.0,68.964,4.0,Styria,0.86,0.66,0.57,1.0,4,1000,1,24.0,Sunny
Alexander Albon,33.0,68.746,4.0,Styria,0.86,0.66,0.57,1.0,4,1000,1,24.0,Sunny
Alexander Albon,34.0,68.893,4.0,Styria,0.86,0.66,0.57,1.0,4,1000,1,24.0,Sunny
Alexander Albon,35.0,72.843,4.0,Styria,0.86,0.66,0.57,1.0,4,1000,1,24.0,Sunny
Alexander Albon,36.0,87.167,7.0,Styria,0.86,0.66,0.57,1.0,4,1000,1,24.0,Sunny
Alexander Albon,37.0,68.193,7.0,Styria,0.86,0.66,0.57,1.0,4,1000,1,24.0,Sunny
Alexander Albon,38.0,68.269,6.0,Styria,0.86,0.66,0.57,1.0,4,1000,1,24.0,Sunny
Alexander Albon,39.0,68.141,5.0,Styria,0.86,0.66,0.57,1.0,4,1000,1,24.0,Sunny
Alexander Albon,40.0,68.358,4.0,Styria,0.86,0.66,0.57,1.0,4,1000,1,24.0,Sunny
Alexander Albon,41.0,68.243,4.0,Styria,0.86,0.66,0.57,1.0,4,1000,1,24.0,Sunny
Alexander Albon,42.0,68.251,4.0,Styria,0.86,0.66,0.57,1.0,4,1000,1,24.0,Sunny
Alexander Albon,43.0,68.46,4.0,Styria,0.86,0.66,0.57,1.0,4,1000,1,24.0,Sunny
Alexander Albon,44.0,68.561,4.0,Styria,0.86,0.66,0.57,1.0,4,1000,1,24.0,Sunny
Alexander Albon,45.0,68.701,4.0,Styria,0.86,0.66,0.57,1.0,4,1000,1,24.0,Sunny
Alexander Albon,46.0,68.872,4.0,Styria,0.86,0.66,0.57,1.0,4,1000,1,24.0,Sunny
Alexander Albon,47.0,68.886,4.0,Styria,0.86,0.66,0.57,1.0,4,1000,1,24.0,Sunny
Alexander Albon,48.0,68.904,4.0,Styria,0.86,0.66,0.57,1.0,4,1000,1,24.0,Sunny
Alexander Albon,49.0,68.622,4.0,Styria,0.86,0.66,0.57,1.0,4,1000,1,24.0,Sunny
Alexander Albon,50.0,68.521,4.0,Styria,0.86,0.66,0.57,1.0,4,1000,1,24.0,Sunny
Alexander Albon,51.0,68.305,4.0,Styria,0.86,0.66,0.57,1.0,4,1000,1,24.0,Sunny
Alexander Albon,52.0,68.234,4.0,Styria,0.86,0.66,0.57,1.0,4,1000,1,24.0,Sunny
Alexander Albon,53.0,67.961,4.0,Styria,0.86,0.66,0.57,1.0,4,1000,1,24.0,Sunny
Alexander Albon,54.0,68.141,4.0,Styria,0.86,0.66,0.57,1.0,4,1000,1,24.0,Sunny
Alexander Albon,55.0,68.375,4.0,Styria,0.86,0.66,0.57,1.0,4,1000,1,24.0,Sunny
Alexander Albon,56.0,68.237,4.0,Styria,0.86,0.66,0.57,1.0,4,1000,1,24.0,Sunny
Alexander Albon,57.0,68.176,4.0,Styria,0.86,0.66,0.57,1.0,4,1000,1,24.0,Sunny
Alexander Albon,58.0,67.671,4.0,Styria,0.86,0.66,0.57,1.0,4,1000,1,24.0,Sunny
Alexander Albon,59.0,67.645,4.0,Styria,0.86,0.66,0.57,1.0,4,1000,1,24.0,Sunny
Alexander Albon,60.0,67.656,4.0,Styria,0.86,0.66,0.57,1.0,4,1000,1,24.0,Sunny
Alexander Albon,61.0,67.512,4.0,Styria,0.86,0.66,0.57,1.0,4,1000,1,24.0,Sunny
Alexander Albon,62.0,67.52,4.0,Styria,0.86,0.66,0.57,1.0,4,1000,1,24.0,Sunny
Alexander Albon,63.0,67.449,4.0,Styria,0.86,0.66,0.57,1.0,4,1000,1,24.0,Sunny
Alexander Albon,64.0,67.519,4.0,Styria,0.86,0.66,0.57,1.0,4,1000,1,24.0,Sunny
Alexander Albon,65.0,67.33,4.0,Styria,0.86,0.66,0.57,1.0,4,1000,1,24.0,Sunny
Alexander Albon,66.0,67.347,4.0,Styria,0.86,0.66,0.57,1.0,4,1000,1,24.0,Sunny
Alexander Albon,67.0,67.299,4.0,Styria,0.86,0.66,0.57,1.0,4,1000,1,24.0,Sunny
Alexander Albon,68.0,67.109,4.0,Styria,0.86,0.66,0.57,1.0,4,1000,1,24.0,Sunny
Alexander Albon,69.0,68.175,4.0,Styria,0.86,0.66,0.57,1.0,4,1000,1,24.0,Sunny
Alexander Albon,70.0,67.869,4.0,Styria,0.86,0.66,0.57,1.0,4,1000,1,24.0,Sunny
Alexander Albon,71.0,68.636,4.0,Styria,0.86,0.66,0.57,1.0,4,1000,1,24.0,Sunny
Lando Norris,1.0,94.458,10.0,Styria,0.9,0.93,0.57,3.0,8,900,0,20.0,Sunny
Lando Norris,2.0,118.343,9.0,Styria,0.9,0.93,0.57,3.0,8,900,0,20.0,Sunny
Lando Norris,3.0,102.241,9.0,Styria,0.9,0.93,0.57,3.0,8,900,0,20.0,Sunny
Lando Norris,4.0,72.229,9.0,Styria,0.9,0.93,0.57,3.0,8,900,0,20.0,Sunny
Lando Norris,5.0,71.819,10.0,Styria,0.9,0.93,0.57,3.0,8,900,0,20.0,Sunny
Lando Norris,6.0,70.56,10.0,Styria,0.9,0.93,0.57,3.0,8,900,0,20.0,Sunny
Lando Norris,7.0,70.321,10.0,Styria,0.9,0.93,0.57,3.0,8,900,0,20.0,Sunny
Lando Norris,8.0,70.56,10.0,Styria,0.9,0.93,0.57,3.0,8,900,0,20.0,Sunny
Lando Norris,9.0,70.501,10.0,Styria,0.9,0.93,0.57,3.0,8,900,0,20.0,Sunny
Lando Norris,10.0,70.386,10.0,Styria,0.9,0.93,0.57,3.0,8,900,0,20.0,Sunny
Lando Norris,11.0,70.294,10.0,Styria,0.9,0.93,0.57,3.0,8,900,0,20.0,Sunny
Lando Norris,12.0,70.393,10.0,Styria,0.9,0.93,0.57,3.0,8,900,0,20.0,Sunny
Lando Norris,13.0,69.631,10.0,Styria,0.9,0.93,0.57,3.0,8,900,0,20.0,Sunny
Lando Norris,14.0,71.545,11.0,Styria,0.9,0.93,0.57,3.0,8,900,0,20.0,Sunny
Lando Norris,15.0,70.197,11.0,Styria,0.9,0.93,0.57,3.0,8,900,0,20.0,Sunny
Lando Norris,16.0,70.089,11.0,Styria,0.9,0.93,0.57,3.0,8,900,0,20.0,Sunny
Lando Norris,17.0,70.254,11.0,Styria,0.9,0.93,0.57,3.0,8,900,0,20.0,Sunny
Lando Norris,18.0,70.199,11.0,Styria,0.9,0.93,0.57,3.0,8,900,0,20.0,Sunny
Lando Norris,19.0,70.417,11.0,Styria,0.9,0.93,0.57,3.0,8,900,0,20.0,Sunny
Lando Norris,20.0,70.181,11.0,Styria,0.9,0.93,0.57,3.0,8,900,0,20.0,Sunny
Lando Norris,21.0,68.901,10.0,Styria,0.9,0.93,0.57,3.0,8,900,0,20.0,Sunny
Lando Norris,22.0,69.875,10.0,Styria,0.9,0.93,0.57,3.0,8,900,0,20.0,Sunny
Lando Norris,23.0,69.789,10.0,Styria,0.9,0.93,0.57,3.0,8,900,0,20.0,Sunny
Lando Norris,24.0,69.415,10.0,Styria,0.9,0.93,0.57,3.0,8,900,0,20.0,Sunny
Lando Norris,25.0,69.746,10.0,Styria,0.9,0.93,0.57,3.0,8,900,0,20.0,Sunny
Lando Norris,26.0,69.55,9.0,Styria,0.9,0.93,0.57,3.0,8,900,0,20.0,Sunny
Lando Norris,27.0,69.219,9.0,Styria,0.9,0.93,0.57,3.0,8,900,0,20.0,Sunny
Lando Norris,28.0,69.042,9.0,Styria,0.9,0.93,0.57,3.0,8,900,0,20.0,Sunny
Lando Norris,29.0,69.294,9.0,Styria,0.9,0.93,0.57,3.0,8,900,0,20.0,Sunny
Lando Norris,30.0,69.282,9.0,Styria,0.9,0.93,0.57,3.0,8,900,0,20.0,Sunny
Lando Norris,31.0,69.236,9.0,Styria,0.9,0.93,0.57,3.0,8,900,0,20.0,Sunny
Lando Norris,32.0,69.313,9.0,Styria,0.9,0.93,0.57,3.0,8,900,0,20.0,Sunny
Lando Norris,33.0,69.014,8.0,Styria,0.9,0.93,0.57,3.0,8,900,0,20.0,Sunny
Lando Norris,34.0,69.242,7.0,Styria,0.9,0.93,0.57,3.0,8,900,0,20.0,Sunny
Lando Norris,35.0,69.097,7.0,Styria,0.9,0.93,0.57,3.0,8,900,0,20.0,Sunny
Lando Norris,36.0,69.219,6.0,Styria,0.9,0.93,0.57,3.0,8,900,0,20.0,Sunny
Lando Norris,37.0,69.412,6.0,Styria,0.9,0.93,0.57,3.0,8,900,0,20.0,Sunny
Lando Norris,38.0,69.337,5.0,Styria,0.9,0.93,0.57,3.0,8,900,0,20.0,Sunny
Lando Norris,39.0,72.959,4.0,Styria,0.9,0.93,0.57,3.0,8,900,0,20.0,Sunny
Lando Norris,40.0,87.871,10.0,Styria,0.9,0.93,0.57,3.0,8,900,0,20.0,Sunny
Lando Norris,41.0,68.652,10.0,Styria,0.9,0.93,0.57,3.0,8,900,0,20.0,Sunny
Lando Norris,42.0,68.002,10.0,Styria,0.9,0.93,0.57,3.0,8,900,0,20.0,Sunny
Lando Norris,43.0,68.087,10.0,Styria,0.9,0.93,0.57,3.0,8,900,0,20.0,Sunny
Lando Norris,44.0,68.436,9.0,Styria,0.9,0.93,0.57,3.0,8,900,0,20.0,Sunny
Lando Norris,45.0,69.289,9.0,Styria,0.9,0.93,0.57,3.0,8,900,0,20.0,Sunny
Lando Norris,46.0,68.611,9.0,Styria,0.9,0.93,0.57,3.0,8,900,0,20.0,Sunny
Lando Norris,47.0,68.087,9.0,Styria,0.9,0.93,0.57,3.0,8,900,0,20.0,Sunny
Lando Norris,48.0,68.138,9.0,Styria,0.9,0.93,0.57,3.0,8,900,0,20.0,Sunny
Lando Norris,49.0,68.125,9.0,Styria,0.9,0.93,0.57,3.0,8,900,0,20.0,Sunny
Lando Norris,50.0,68.159,9.0,Styria,0.9,0.93,0.57,3.0,8,900,0,20.0,Sunny
Lando Norris,51.0,68.181,9.0,Styria,0.9,0.93,0.57,3.0,8,900,0,20.0,Sunny
Lando Norris,52.0,68.068,9.0,Styria,0.9,0.93,0.57,3.0,8,900,0,20.0,Sunny
Lando Norris,53.0,67.812,9.0,Styria,0.9,0.93,0.57,3.0,8,900,0,20.0,Sunny
Lando Norris,54.0,67.846,9.0,Styria,0.9,0.93,0.57,3.0,8,900,0,20.0,Sunny
Lando Norris,55.0,67.928,9.0,Styria,0.9,0.93,0.57,3.0,8,900,0,20.0,Sunny
Lando Norris,56.0,67.91,9.0,Styria,0.9,0.93,0.57,3.0,8,900,0,20.0,Sunny
Lando Norris,57.0,68.122,9.0,Styria,0.9,0.93,0.57,3.0,8,900,0,20.0,Sunny
Lando Norris,58.0,67.87,9.0,Styria,0.9,0.93,0.57,3.0,8,900,0,20.0,Sunny
Lando Norris,59.0,67.769,9.0,Styria,0.9,0.93,0.57,3.0,8,900,0,20.0,Sunny
Lando Norris,60.0,68.626,9.0,Styria,0.9,0.93,0.57,3.0,8,900,0,20.0,Sunny
Lando Norris,61.0,67.854,8.0,Styria,0.9,0.93,0.57,3.0,8,900,0,20.0,Sunny
Lando Norris,62.0,67.697,8.0,Styria,0.9,0.93,0.57,3.0,8,900,0,20.0,Sunny
Lando Norris,63.0,67.864,8.0,Styria,0.9,0.93,0.57,3.0,8,900,0,20.0,Sunny
Lando Norris,64.0,67.286,8.0,Styria,0.9,0.93,0.57,3.0,8,900,0,20.0,Sunny
Lando Norris,65.0,67.578,8.0,Styria,0.9,0.93,0.57,3.0,8,900,0,20.0,Sunny
Lando Norris,66.0,67.193,8.0,Styria,0.9,0.93,0.57,3.0,8,900,0,20.0,Sunny
Lando Norris,67.0,67.572,8.0,Styria,0.9,0.93,0.57,3.0,8,900,0,20.0,Sunny
Lando Norris,68.0,67.491,8.0,Styria,0.9,0.93,0.57,3.0,8,900,0,20.0,Sunny
Lando Norris,69.0,67.889,8.0,Styria,0.9,0.93,0.57,3.0,8,900,0,20.0,Sunny
Lando Norris,70.0,68.613,7.0,Styria,0.9,0.93,0.57,3.0,8,900,0,20.0,Sunny
Lando Norris,71.0,67.967,5.0,Styria,0.9,0.93,0.57,3.0,8,900,0,20.0,Sunny
Sergio Perez,1.0,101.19,17.0,Styria,0.9,0.76,0.8,8.0,0,0,0,30.0,Sunny
Sergio Perez,2.0,119.148,15.0,Styria,0.9,0.76,0.8,8.0,0,0,0,30.0,Sunny
Sergio Perez,3.0,97.229,15.0,Styria,0.9,0.76,0.8,8.0,0,0,0,30.0,Sunny
Sergio Perez,4.0,71.533,13.0,Styria,0.9,0.76,0.8,8.0,0,0,0,30.0,Sunny
Sergio Perez,5.0,71.241,12.0,Styria,0.9,0.76,0.8,8.0,0,0,0,30.0,Sunny
Sergio Perez,6.0,69.872,11.0,Styria,0.9,0.76,0.8,8.0,0,0,0,30.0,Sunny
Sergio Perez,7.0,70.541,11.0,Styria,0.9,0.76,0.8,8.0,0,0,0,30.0,Sunny
Sergio Perez,8.0,70.304,11.0,Styria,0.9,0.76,0.8,8.0,0,0,0,30.0,Sunny
Sergio Perez,9.0,70.585,11.0,Styria,0.9,0.76,0.8,8.0,0,0,0,30.0,Sunny
Sergio Perez,10.0,70.326,11.0,Styria,0.9,0.76,0.8,8.0,0,0,0,30.0,Sunny
Sergio Perez,11.0,70.306,11.0,Styria,0.9,0.76,0.8,8.0,0,0,0,30.0,Sunny
Sergio Perez,12.0,70.431,11.0,Styria,0.9,0.76,0.8,8.0,0,0,0,30.0,Sunny
Sergio Perez,13.0,69.738,11.0,Styria,0.9,0.76,0.8,8.0,0,0,0,30.0,Sunny
Sergio Perez,14.0,69.611,10.0,Styria,0.9,0.76,0.8,8.0,0,0,0,30.0,Sunny
Sergio Perez,15.0,70.106,10.0,Styria,0.9,0.76,0.8,8.0,0,0,0,30.0,Sunny
Sergio Perez,16.0,70.189,10.0,Styria,0.9,0.76,0.8,8.0,0,0,0,30.0,Sunny
Sergio Perez,17.0,70.226,10.0,Styria,0.9,0.76,0.8,8.0,0,0,0,30.0,Sunny
Sergio Perez,18.0,69.542,9.0,Styria,0.9,0.76,0.8,8.0,0,0,0,30.0,Sunny
Sergio Perez,19.0,69.716,9.0,Styria,0.9,0.76,0.8,8.0,0,0,0,30.0,Sunny
Sergio Perez,20.0,69.688,9.0,Styria,0.9,0.76,0.8,8.0,0,0,0,30.0,Sunny
Sergio Perez,21.0,69.609,9.0,Styria,0.9,0.76,0.8,8.0,0,0,0,30.0,Sunny
Sergio Perez,22.0,69.455,9.0,Styria,0.9,0.76,0.8,8.0,0,0,0,30.0,Sunny
Sergio Perez,23.0,69.439,9.0,Styria,0.9,0.76,0.8,8.0,0,0,0,30.0,Sunny
Sergio Perez,24.0,69.226,9.0,Styria,0.9,0.76,0.8,8.0,0,0,0,30.0,Sunny
Sergio Perez,25.0,69.574,8.0,Styria,0.9,0.76,0.8,8.0,0,0,0,30.0,Sunny
Sergio Perez,26.0,69.241,8.0,Styria,0.9,0.76,0.8,8.0,0,0,0,30.0,Sunny
Sergio Perez,27.0,69.036,8.0,Styria,0.9,0.76,0.8,8.0,0,0,0,30.0,Sunny
Sergio Perez,28.0,69.13,8.0,Styria,0.9,0.76,0.8,8.0,0,0,0,30.0,Sunny
Sergio Perez,29.0,68.932,8.0,Styria,0.9,0.76,0.8,8.0,0,0,0,30.0,Sunny
Sergio Perez,30.0,69.099,8.0,Styria,0.9,0.76,0.8,8.0,0,0,0,30.0,Sunny
Sergio Perez,31.0,69.059,8.0,Styria,0.9,0.76,0.8,8.0,0,0,0,30.0,Sunny
Sergio Perez,32.0,69.19,8.0,Styria,0.9,0.76,0.8,8.0,0,0,0,30.0,Sunny
Sergio Perez,33.0,69.131,6.0,Styria,0.9,0.76,0.8,8.0,0,0,0,30.0,Sunny
Sergio Perez,34.0,68.664,6.0,Styria,0.9,0.76,0.8,8.0,0,0,0,30.0,Sunny
Sergio Perez,35.0,68.61,6.0,Styria,0.9,0.76,0.8,8.0,0,0,0,30.0,Sunny
Sergio Perez,36.0,68.733,5.0,Styria,0.9,0.76,0.8,8.0,0,0,0,30.0,Sunny
Sergio Perez,37.0,68.662,4.0,Styria,0.9,0.76,0.8,8.0,0,0,0,30.0,Sunny
Sergio Perez,38.0,71.86,4.0,Styria,0.9,0.76,0.8,8.0,0,0,0,30.0,Sunny
Sergio Perez,39.0,86.407,8.0,Styria,0.9,0.76,0.8,8.0,0,0,0,30.0,Sunny
Sergio Perez,40.0,67.972,7.0,Styria,0.9,0.76,0.8,8.0,0,0,0,30.0,Sunny
Sergio Perez,41.0,68.102,7.0,Styria,0.9,0.76,0.8,8.0,0,0,0,30.0,Sunny
Sergio Perez,42.0,68.047,7.0,Styria,0.9,0.76,0.8,8.0,0,0,0,30.0,Sunny
Sergio Perez,43.0,68.02,7.0,Styria,0.9,0.76,0.8,8.0,0,0,0,30.0,Sunny
Sergio Perez,44.0,68.218,7.0,Styria,0.9,0.76,0.8,8.0,0,0,0,30.0,Sunny
Sergio Perez,45.0,68.663,6.0,Styria,0.9,0.76,0.8,8.0,0,0,0,30.0,Sunny
Sergio Perez,46.0,68.35,6.0,Styria,0.9,0.76,0.8,8.0,0,0,0,30.0,Sunny
Sergio Perez,47.0,68.262,6.0,Styria,0.9,0.76,0.8,8.0,0,0,0,30.0,Sunny
Sergio Perez,48.0,69.061,5.0,Styria,0.9,0.76,0.8,8.0,0,0,0,30.0,Sunny
Sergio Perez,49.0,68.037,5.0,Styria,0.9,0.76,0.8,8.0,0,0,0,30.0,Sunny
Sergio Perez,50.0,67.578,5.0,Styria,0.9,0.76,0.8,8.0,0,0,0,30.0,Sunny
Sergio Perez,51.0,67.513,5.0,Styria,0.9,0.76,0.8,8.0,0,0,0,30.0,Sunny
Sergio Perez,52.0,67.542,5.0,Styria,0.9,0.76,0.8,8.0,0,0,0,30.0,Sunny
Sergio Perez,53.0,67.547,5.0,Styria,0.9,0.76,0.8,8.0,0,0,0,30.0,Sunny
Sergio Perez,54.0,67.41,5.0,Styria,0.9,0.76,0.8,8.0,0,0,0,30.0,Sunny
Sergio Perez,55.0,67.697,5.0,Styria,0.9,0.76,0.8,8.0,0,0,0,30.0,Sunny
Sergio Perez,56.0,68.082,5.0,Styria,0.9,0.76,0.8,8.0,0,0,0,30.0,Sunny
Sergio Perez,57.0,68.476,5.0,Styria,0.9,0.76,0.8,8.0,0,0,0,30.0,Sunny
Sergio Perez,58.0,67.715,5.0,Styria,0.9,0.76,0.8,8.0,0,0,0,30.0,Sunny
Sergio Perez,59.0,67.689,5.0,Styria,0.9,0.76,0.8,8.0,0,0,0,30.0,Sunny
Sergio Perez,60.0,67.586,5.0,Styria,0.9,0.76,0.8,8.0,0,0,0,30.0,Sunny
Sergio Perez,61.0,67.715,5.0,Styria,0.9,0.76,0.8,8.0,0,0,0,30.0,Sunny
Sergio Perez,62.0,67.396,5.0,Styria,0.9,0.76,0.8,8.0,0,0,0,30.0,Sunny
Sergio Perez,63.0,67.413,5.0,Styria,0.9,0.76,0.8,8.0,0,0,0,30.0,Sunny
Sergio Perez,64.0,67.59,5.0,Styria,0.9,0.76,0.8,8.0,0,0,0,30.0,Sunny
Sergio Perez,65.0,67.286,5.0,Styria,0.9,0.76,0.8,8.0,0,0,0,30.0,Sunny
Sergio Perez,66.0,67.362,5.0,Styria,0.9,0.76,0.8,8.0,0,0,0,30.0,Sunny
Sergio Perez,67.0,67.339,5.0,Styria,0.9,0.76,0.8,8.0,0,0,0,30.0,Sunny
Sergio Perez,68.0,67.188,5.0,Styria,0.9,0.76,0.8,8.0,0,0,0,30.0,Sunny
Sergio Perez,69.0,70.026,5.0,Styria,0.9,0.76,0.8,8.0,0,0,0,30.0,Sunny
Sergio Perez,70.0,73.76,5.0,Styria,0.9,0.76,0.8,8.0,0,0,0,30.0,Sunny
Sergio Perez,71.0,77.849,6.0,Styria,0.9,0.76,0.8,8.0,0,0,0,30.0,Sunny
Lance Stroll,1.0,95.274,11.0,Styria,0.86,0.71,0.6,5.0,0,0,0,21.0,Sunny
Lance Stroll,2.0,118.807,10.0,Styria,0.86,0.71,0.6,5.0,0,0,0,21.0,Sunny
Lance Stroll,3.0,101.123,10.0,Styria,0.86,0.71,0.6,5.0,0,0,0,21.0,Sunny
Lance Stroll,4.0,72.36,10.0,Styria,0.86,0.71,0.6,5.0,0,0,0,21.0,Sunny
Lance Stroll,5.0,70.658,9.0,Styria,0.86,0.71,0.6,5.0,0,0,0,21.0,Sunny
Lance Stroll,6.0,70.808,9.0,Styria,0.86,0.71,0.6,5.0,0,0,0,21.0,Sunny
Lance Stroll,7.0,70.268,9.0,Styria,0.86,0.71,0.6,5.0,0,0,0,21.0,Sunny
Lance Stroll,8.0,70.483,9.0,Styria,0.86,0.71,0.6,5.0,0,0,0,21.0,Sunny
Lance Stroll,9.0,70.332,9.0,Styria,0.86,0.71,0.6,5.0,0,0,0,21.0,Sunny
Lance Stroll,10.0,70.479,9.0,Styria,0.86,0.71,0.6,5.0,0,0,0,21.0,Sunny
Lance Stroll,11.0,70.347,9.0,Styria,0.86,0.71,0.6,5.0,0,0,0,21.0,Sunny
Lance Stroll,12.0,69.791,9.0,Styria,0.86,0.71,0.6,5.0,0,0,0,21.0,Sunny
Lance Stroll,13.0,69.885,9.0,Styria,0.86,0.71,0.6,5.0,0,0,0,21.0,Sunny
Lance Stroll,14.0,70.024,9.0,Styria,0.86,0.71,0.6,5.0,0,0,0,21.0,Sunny
Lance Stroll,15.0,70.046,9.0,Styria,0.86,0.71,0.6,5.0,0,0,0,21.0,Sunny
Lance Stroll,16.0,70.595,9.0,Styria,0.86,0.71,0.6,5.0,0,0,0,21.0,Sunny
Lance Stroll,17.0,69.403,8.0,Styria,0.86,0.71,0.6,5.0,0,0,0,21.0,Sunny
Lance Stroll,18.0,69.919,8.0,Styria,0.86,0.71,0.6,5.0,0,0,0,21.0,Sunny
Lance Stroll,19.0,69.694,8.0,Styria,0.86,0.71,0.6,5.0,0,0,0,21.0,Sunny
Lance Stroll,20.0,69.635,8.0,Styria,0.86,0.71,0.6,5.0,0,0,0,21.0,Sunny
Lance Stroll,21.0,69.651,8.0,Styria,0.86,0.71,0.6,5.0,0,0,0,21.0,Sunny
Lance Stroll,22.0,69.436,8.0,Styria,0.86,0.71,0.6,5.0,0,0,0,21.0,Sunny
Lance Stroll,23.0,69.536,8.0,Styria,0.86,0.71,0.6,5.0,0,0,0,21.0,Sunny
Lance Stroll,24.0,69.227,8.0,Styria,0.86,0.71,0.6,5.0,0,0,0,21.0,Sunny
Lance Stroll,25.0,69.439,7.0,Styria,0.86,0.71,0.6,5.0,0,0,0,21.0,Sunny
Lance Stroll,26.0,69.176,7.0,Styria,0.86,0.71,0.6,5.0,0,0,0,21.0,Sunny
Lance Stroll,27.0,69.084,7.0,Styria,0.86,0.71,0.6,5.0,0,0,0,21.0,Sunny
Lance Stroll,28.0,69.387,7.0,Styria,0.86,0.71,0.6,5.0,0,0,0,21.0,Sunny
Lance Stroll,29.0,69.067,7.0,Styria,0.86,0.71,0.6,5.0,0,0,0,21.0,Sunny
Lance Stroll,30.0,69.339,7.0,Styria,0.86,0.71,0.6,5.0,0,0,0,21.0,Sunny
Lance Stroll,31.0,69.216,7.0,Styria,0.86,0.71,0.6,5.0,0,0,0,21.0,Sunny
Lance Stroll,32.0,69.158,6.0,Styria,0.86,0.71,0.6,5.0,0,0,0,21.0,Sunny
Lance Stroll,33.0,72.456,7.0,Styria,0.86,0.71,0.6,5.0,0,0,0,21.0,Sunny
Lance Stroll,34.0,85.635,11.0,Styria,0.86,0.71,0.6,5.0,0,0,0,21.0,Sunny
Lance Stroll,35.0,68.879,11.0,Styria,0.86,0.71,0.6,5.0,0,0,0,21.0,Sunny
Lance Stroll,36.0,69.149,9.0,Styria,0.86,0.71,0.6,5.0,0,0,0,21.0,Sunny
Lance Stroll,37.0,68.205,8.0,Styria,0.86,0.71,0.6,5.0,0,0,0,21.0,Sunny
Lance Stroll,38.0,68.355,8.0,Styria,0.86,0.71,0.6,5.0,0,0,0,21.0,Sunny
Lance Stroll,39.0,68.373,7.0,Styria,0.86,0.71,0.6,5.0,0,0,0,21.0,Sunny
Lance Stroll,40.0,68.204,6.0,Styria,0.86,0.71,0.6,5.0,0,0,0,21.0,Sunny
Lance Stroll,41.0,68.288,6.0,Styria,0.86,0.71,0.6,5.0,0,0,0,21.0,Sunny
Lance Stroll,42.0,68.335,6.0,Styria,0.86,0.71,0.6,5.0,0,0,0,21.0,Sunny
Lance Stroll,43.0,68.17,6.0,Styria,0.86,0.71,0.6,5.0,0,0,0,21.0,Sunny
Lance Stroll,44.0,68.426,6.0,Styria,0.86,0.71,0.6,5.0,0,0,0,21.0,Sunny
Lance Stroll,45.0,70.166,7.0,Styria,0.86,0.71,0.6,5.0,0,0,0,21.0,Sunny
Lance Stroll,46.0,68.826,7.0,Styria,0.86,0.71,0.6,5.0,0,0,0,21.0,Sunny
Lance Stroll,47.0,68.648,7.0,Styria,0.86,0.71,0.6,5.0,0,0,0,21.0,Sunny
Lance Stroll,48.0,69.116,7.0,Styria,0.86,0.71,0.6,5.0,0,0,0,21.0,Sunny
Lance Stroll,49.0,68.562,7.0,Styria,0.86,0.71,0.6,5.0,0,0,0,21.0,Sunny
Lance Stroll,50.0,68.879,7.0,Styria,0.86,0.71,0.6,5.0,0,0,0,21.0,Sunny
Lance Stroll,51.0,68.63,7.0,Styria,0.86,0.71,0.6,5.0,0,0,0,21.0,Sunny
Lance Stroll,52.0,68.644,7.0,Styria,0.86,0.71,0.6,5.0,0,0,0,21.0,Sunny
Lance Stroll,53.0,68.639,7.0,Styria,0.86,0.71,0.6,5.0,0,0,0,21.0,Sunny
Lance Stroll,54.0,68.233,7.0,Styria,0.86,0.71,0.6,5.0,0,0,0,21.0,Sunny
Lance Stroll,55.0,68.412,7.0,Styria,0.86,0.71,0.6,5.0,0,0,0,21.0,Sunny
Lance Stroll,56.0,68.282,7.0,Styria,0.86,0.71,0.6,5.0,0,0,0,21.0,Sunny
Lance Stroll,57.0,68.509,7.0,Styria,0.86,0.71,0.6,5.0,0,0,0,21.0,Sunny
Lance Stroll,58.0,68.485,7.0,Styria,0.86,0.71,0.6,5.0,0,0,0,21.0,Sunny
Lance Stroll,59.0,68.306,7.0,Styria,0.86,0.71,0.6,5.0,0,0,0,21.0,Sunny
Lance Stroll,60.0,68.406,7.0,Styria,0.86,0.71,0.6,5.0,0,0,0,21.0,Sunny
Lance Stroll,61.0,67.931,7.0,Styria,0.86,0.71,0.6,5.0,0,0,0,21.0,Sunny
Lance Stroll,62.0,68.281,7.0,Styria,0.86,0.71,0.6,5.0,0,0,0,21.0,Sunny
Lance Stroll,63.0,68.0,7.0,Styria,0.86,0.71,0.6,5.0,0,0,0,21.0,Sunny
Lance Stroll,64.0,67.975,7.0,Styria,0.86,0.71,0.6,5.0,0,0,0,21.0,Sunny
Lance Stroll,65.0,67.833,7.0,Styria,0.86,0.71,0.6,5.0,0,0,0,21.0,Sunny
Lance Stroll,66.0,68.092,7.0,Styria,0.86,0.71,0.6,5.0,0,0,0,21.0,Sunny
Lance Stroll,67.0,68.033,7.0,Styria,0.86,0.71,0.6,5.0,0,0,0,21.0,Sunny
Lance Stroll,68.0,67.851,7.0,Styria,0.86,0.71,0.6,5.0,0,0,0,21.0,Sunny
Lance Stroll,69.0,67.942,7.0,Styria,0.86,0.71,0.6,5.0,0,0,0,21.0,Sunny
Lance Stroll,70.0,68.734,6.0,Styria,0.86,0.71,0.6,5.0,0,0,0,21.0,Sunny
Lance Stroll,71.0,69.599,7.0,Styria,0.86,0.71,0.6,5.0,0,0,0,21.0,Sunny
Daniel Ricciardo,1.0,89.615,7.0,Styria,0.9,0.84,0.79,1.0,0,0,0,31.0,Sunny
Daniel Ricciardo,2.0,120.654,7.0,Styria,0.9,0.84,0.79,1.0,0,0,0,31.0,Sunny
Daniel Ricciardo,3.0,103.998,7.0,Styria,0.9,0.84,0.79,1.0,0,0,0,31.0,Sunny
Daniel Ricciardo,4.0,71.631,7.0,Styria,0.9,0.84,0.79,1.0,0,0,0,31.0,Sunny
Daniel Ricciardo,5.0,71.328,7.0,Styria,0.9,0.84,0.79,1.0,0,0,0,31.0,Sunny
Daniel Ricciardo,6.0,70.311,7.0,Styria,0.9,0.84,0.79,1.0,0,0,0,31.0,Sunny
Daniel Ricciardo,7.0,70.299,7.0,Styria,0.9,0.84,0.79,1.0,0,0,0,31.0,Sunny
Daniel Ricciardo,8.0,70.586,7.0,Styria,0.9,0.84,0.79,1.0,0,0,0,31.0,Sunny
Daniel Ricciardo,9.0,70.395,7.0,Styria,0.9,0.84,0.79,1.0,0,0,0,31.0,Sunny
Daniel Ricciardo,10.0,70.431,7.0,Styria,0.9,0.84,0.79,1.0,0,0,0,31.0,Sunny
Daniel Ricciardo,11.0,70.103,7.0,Styria,0.9,0.84,0.79,1.0,0,0,0,31.0,Sunny
Daniel Ricciardo,12.0,69.732,7.0,Styria,0.9,0.84,0.79,1.0,0,0,0,31.0,Sunny
Daniel Ricciardo,13.0,70.004,7.0,Styria,0.9,0.84,0.79,1.0,0,0,0,31.0,Sunny
Daniel Ricciardo,14.0,69.938,7.0,Styria,0.9,0.84,0.79,1.0,0,0,0,31.0,Sunny
Daniel Ricciardo,15.0,69.819,7.0,Styria,0.9,0.84,0.79,1.0,0,0,0,31.0,Sunny
Daniel Ricciardo,16.0,69.857,7.0,Styria,0.9,0.84,0.79,1.0,0,0,0,31.0,Sunny
Daniel Ricciardo,17.0,70.258,7.0,Styria,0.9,0.84,0.79,1.0,0,0,0,31.0,Sunny
Daniel Ricciardo,18.0,70.022,7.0,Styria,0.9,0.84,0.79,1.0,0,0,0,31.0,Sunny
Daniel Ricciardo,19.0,69.264,6.0,Styria,0.9,0.84,0.79,1.0,0,0,0,31.0,Sunny
Daniel Ricciardo,20.0,69.455,6.0,Styria,0.9,0.84,0.79,1.0,0,0,0,31.0,Sunny
Daniel Ricciardo,21.0,69.445,6.0,Styria,0.9,0.84,0.79,1.0,0,0,0,31.0,Sunny
Daniel Ricciardo,22.0,69.442,6.0,Styria,0.9,0.84,0.79,1.0,0,0,0,31.0,Sunny
Daniel Ricciardo,23.0,69.583,6.0,Styria,0.9,0.84,0.79,1.0,0,0,0,31.0,Sunny
Daniel Ricciardo,24.0,69.399,6.0,Styria,0.9,0.84,0.79,1.0,0,0,0,31.0,Sunny
Daniel Ricciardo,25.0,69.635,6.0,Styria,0.9,0.84,0.79,1.0,0,0,0,31.0,Sunny
Daniel Ricciardo,26.0,69.317,6.0,Styria,0.9,0.84,0.79,1.0,0,0,0,31.0,Sunny
Daniel Ricciardo,27.0,69.145,6.0,Styria,0.9,0.84,0.79,1.0,0,0,0,31.0,Sunny
Daniel Ricciardo,28.0,68.915,6.0,Styria,0.9,0.84,0.79,1.0,0,0,0,31.0,Sunny
Daniel Ricciardo,29.0,69.008,6.0,Styria,0.9,0.84,0.79,1.0,0,0,0,31.0,Sunny
Daniel Ricciardo,30.0,69.157,6.0,Styria,0.9,0.84,0.79,1.0,0,0,0,31.0,Sunny
Daniel Ricciardo,31.0,69.374,6.0,Styria,0.9,0.84,0.79,1.0,0,0,0,31.0,Sunny
Daniel Ricciardo,32.0,69.149,5.0,Styria,0.9,0.84,0.79,1.0,0,0,0,31.0,Sunny
Daniel Ricciardo,33.0,68.729,5.0,Styria,0.9,0.84,0.79,1.0,0,0,0,31.0,Sunny
Daniel Ricciardo,34.0,68.933,5.0,Styria,0.9,0.84,0.79,1.0,0,0,0,31.0,Sunny
Daniel Ricciardo,35.0,68.644,5.0,Styria,0.9,0.84,0.79,1.0,0,0,0,31.0,Sunny
Daniel Ricciardo,36.0,68.795,4.0,Styria,0.9,0.84,0.79,1.0,0,0,0,31.0,Sunny
Daniel Ricciardo,37.0,72.086,5.0,Styria,0.9,0.84,0.79,1.0,0,0,0,31.0,Sunny
Daniel Ricciardo,38.0,85.771,7.0,Styria,0.9,0.84,0.79,1.0,0,0,0,31.0,Sunny
Daniel Ricciardo,39.0,68.39,6.0,Styria,0.9,0.84,0.79,1.0,0,0,0,31.0,Sunny
Daniel Ricciardo,40.0,68.284,5.0,Styria,0.9,0.84,0.79,1.0,0,0,0,31.0,Sunny
Daniel Ricciardo,41.0,68.379,5.0,Styria,0.9,0.84,0.79,1.0,0,0,0,31.0,Sunny
Daniel Ricciardo,42.0,68.383,5.0,Styria,0.9,0.84,0.79,1.0,0,0,0,31.0,Sunny
Daniel Ricciardo,43.0,68.551,5.0,Styria,0.9,0.84,0.79,1.0,0,0,0,31.0,Sunny
Daniel Ricciardo,44.0,68.765,5.0,Styria,0.9,0.84,0.79,1.0,0,0,0,31.0,Sunny
Daniel Ricciardo,45.0,68.987,5.0,Styria,0.9,0.84,0.79,1.0,0,0,0,31.0,Sunny
Daniel Ricciardo,46.0,68.741,5.0,Styria,0.9,0.84,0.79,1.0,0,0,0,31.0,Sunny
Daniel Ricciardo,47.0,68.706,5.0,Styria,0.9,0.84,0.79,1.0,0,0,0,31.0,Sunny
Daniel Ricciardo,48.0,70.921,6.0,Styria,0.9,0.84,0.79,1.0,0,0,0,31.0,Sunny
Daniel Ricciardo,49.0,68.534,6.0,Styria,0.9,0.84,0.79,1.0,0,0,0,31.0,Sunny
Daniel Ricciardo,50.0,68.725,6.0,Styria,0.9,0.84,0.79,1.0,0,0,0,31.0,Sunny
Daniel Ricciardo,51.0,68.699,6.0,Styria,0.9,0.84,0.79,1.0,0,0,0,31.0,Sunny
Daniel Ricciardo,52.0,68.672,6.0,Styria,0.9,0.84,0.79,1.0,0,0,0,31.0,Sunny
Daniel Ricciardo,53.0,68.508,6.0,Styria,0.9,0.84,0.79,1.0,0,0,0,31.0,Sunny
Daniel Ricciardo,54.0,68.412,6.0,Styria,0.9,0.84,0.79,1.0,0,0,0,31.0,Sunny
Daniel Ricciardo,55.0,68.379,6.0,Styria,0.9,0.84,0.79,1.0,0,0,0,31.0,Sunny
Daniel Ricciardo,56.0,68.339,6.0,Styria,0.9,0.84,0.79,1.0,0,0,0,31.0,Sunny
Daniel Ricciardo,57.0,68.42,6.0,Styria,0.9,0.84,0.79,1.0,0,0,0,31.0,Sunny
Daniel Ricciardo,58.0,68.503,6.0,Styria,0.9,0.84,0.79,1.0,0,0,0,31.0,Sunny
Daniel Ricciardo,59.0,68.234,6.0,Styria,0.9,0.84,0.79,1.0,0,0,0,31.0,Sunny
Daniel Ricciardo,60.0,68.406,6.0,Styria,0.9,0.84,0.79,1.0,0,0,0,31.0,Sunny
Daniel Ricciardo,61.0,68.065,6.0,Styria,0.9,0.84,0.79,1.0,0,0,0,31.0,Sunny
Daniel Ricciardo,62.0,68.198,6.0,Styria,0.9,0.84,0.79,1.0,0,0,0,31.0,Sunny
Daniel Ricciardo,63.0,67.98,6.0,Styria,0.9,0.84,0.79,1.0,0,0,0,31.0,Sunny
Daniel Ricciardo,64.0,67.993,6.0,Styria,0.9,0.84,0.79,1.0,0,0,0,31.0,Sunny
Daniel Ricciardo,65.0,67.832,6.0,Styria,0.9,0.84,0.79,1.0,0,0,0,31.0,Sunny
Daniel Ricciardo,66.0,68.126,6.0,Styria,0.9,0.84,0.79,1.0,0,0,0,31.0,Sunny
Daniel Ricciardo,67.0,67.908,6.0,Styria,0.9,0.84,0.79,1.0,0,0,0,31.0,Sunny
Daniel Ricciardo,68.0,67.96,6.0,Styria,0.9,0.84,0.79,1.0,0,0,0,31.0,Sunny
Daniel Ricciardo,69.0,67.903,6.0,Styria,0.9,0.84,0.79,1.0,0,0,0,31.0,Sunny
Daniel Ricciardo,70.0,70.696,8.0,Styria,0.9,0.84,0.79,1.0,0,0,0,31.0,Sunny
Daniel Ricciardo,71.0,68.448,8.0,Styria,0.9,0.84,0.79,1.0,0,0,0,31.0,Sunny
Carlos Sainz,1.0,83.726,3.0,Styria,0.0,0.0,0.0,4.0,8,900,0,25.0,Sunny
Carlos Sainz,2.0,122.268,3.0,Styria,0.0,0.0,0.0,4.0,8,900,0,25.0,Sunny
Carlos Sainz,3.0,106.578,3.0,Styria,0.0,0.0,0.0,4.0,8,900,0,25.0,Sunny
Carlos Sainz,4.0,70.657,3.0,Styria,0.0,0.0,0.0,4.0,8,900,0,25.0,Sunny
Carlos Sainz,5.0,70.382,3.0,Styria,0.0,0.0,0.0,4.0,8,900,0,25.0,Sunny
Carlos Sainz,6.0,71.393,4.0,Styria,0.0,0.0,0.0,4.0,8,900,0,25.0,Sunny
Carlos Sainz,7.0,70.678,4.0,Styria,0.0,0.0,0.0,4.0,8,900,0,25.0,Sunny
Carlos Sainz,8.0,71.304,5.0,Styria,0.0,0.0,0.0,4.0,8,900,0,25.0,Sunny
Carlos Sainz,9.0,70.207,5.0,Styria,0.0,0.0,0.0,4.0,8,900,0,25.0,Sunny
Carlos Sainz,10.0,70.26,5.0,Styria,0.0,0.0,0.0,4.0,8,900,0,25.0,Sunny
Carlos Sainz,11.0,69.98,5.0,Styria,0.0,0.0,0.0,4.0,8,900,0,25.0,Sunny
Carlos Sainz,12.0,69.885,5.0,Styria,0.0,0.0,0.0,4.0,8,900,0,25.0,Sunny
Carlos Sainz,13.0,69.773,5.0,Styria,0.0,0.0,0.0,4.0,8,900,0,25.0,Sunny
Carlos Sainz,14.0,69.786,5.0,Styria,0.0,0.0,0.0,4.0,8,900,0,25.0,Sunny
Carlos Sainz,15.0,69.966,5.0,Styria,0.0,0.0,0.0,4.0,8,900,0,25.0,Sunny
Carlos Sainz,16.0,69.844,5.0,Styria,0.0,0.0,0.0,4.0,8,900,0,25.0,Sunny
Carlos Sainz,17.0,69.732,5.0,Styria,0.0,0.0,0.0,4.0,8,900,0,25.0,Sunny
Carlos Sainz,18.0,69.827,5.0,Styria,0.0,0.0,0.0,4.0,8,900,0,25.0,Sunny
Carlos Sainz,19.0,69.689,5.0,Styria,0.0,0.0,0.0,4.0,8,900,0,25.0,Sunny
Carlos Sainz,20.0,69.603,5.0,Styria,0.0,0.0,0.0,4.0,8,900,0,25.0,Sunny
Carlos Sainz,21.0,69.597,5.0,Styria,0.0,0.0,0.0,4.0,8,900,0,25.0,Sunny
Carlos Sainz,22.0,69.439,5.0,Styria,0.0,0.0,0.0,4.0,8,900,0,25.0,Sunny
Carlos Sainz,23.0,69.492,5.0,Styria,0.0,0.0,0.0,4.0,8,900,0,25.0,Sunny
Carlos Sainz,24.0,69.352,5.0,Styria,0.0,0.0,0.0,4.0,8,900,0,25.0,Sunny
Carlos Sainz,25.0,69.497,5.0,Styria,0.0,0.0,0.0,4.0,8,900,0,25.0,Sunny
Carlos Sainz,26.0,69.348,5.0,Styria,0.0,0.0,0.0,4.0,8,900,0,25.0,Sunny
Carlos Sainz,27.0,69.36,5.0,Styria,0.0,0.0,0.0,4.0,8,900,0,25.0,Sunny
Carlos Sainz,28.0,69.166,5.0,Styria,0.0,0.0,0.0,4.0,8,900,0,25.0,Sunny
Carlos Sainz,29.0,69.218,5.0,Styria,0.0,0.0,0.0,4.0,8,900,0,25.0,Sunny
Carlos Sainz,30.0,69.472,5.0,Styria,0.0,0.0,0.0,4.0,8,900,0,25.0,Sunny
Carlos Sainz,31.0,69.565,5.0,Styria,0.0,0.0,0.0,4.0,8,900,0,25.0,Sunny
Carlos Sainz,32.0,72.932,7.0,Styria,0.0,0.0,0.0,4.0,8,900,0,25.0,Sunny
Carlos Sainz,33.0,90.322,13.0,Styria,0.0,0.0,0.0,4.0,8,900,0,25.0,Sunny
Carlos Sainz,34.0,68.705,12.0,Styria,0.0,0.0,0.0,4.0,8,900,0,25.0,Sunny
Carlos Sainz,35.0,68.957,12.0,Styria,0.0,0.0,0.0,4.0,8,900,0,25.0,Sunny
Carlos Sainz,36.0,69.167,12.0,Styria,0.0,0.0,0.0,4.0,8,900,0,25.0,Sunny
Carlos Sainz,37.0,68.969,10.0,Styria,0.0,0.0,0.0,4.0,8,900,0,25.0,Sunny
Carlos Sainz,38.0,68.328,9.0,Styria,0.0,0.0,0.0,4.0,8,900,0,25.0,Sunny
Carlos Sainz,39.0,69.032,9.0,Styria,0.0,0.0,0.0,4.0,8,900,0,25.0,Sunny
Carlos Sainz,40.0,68.819,8.0,Styria,0.0,0.0,0.0,4.0,8,900,0,25.0,Sunny
Carlos Sainz,41.0,69.053,8.0,Styria,0.0,0.0,0.0,4.0,8,900,0,25.0,Sunny
Carlos Sainz,42.0,68.695,8.0,Styria,0.0,0.0,0.0,4.0,8,900,0,25.0,Sunny
Carlos Sainz,43.0,68.72,8.0,Styria,0.0,0.0,0.0,4.0,8,900,0,25.0,Sunny
Carlos Sainz,44.0,68.693,8.0,Styria,0.0,0.0,0.0,4.0,8,900,0,25.0,Sunny
Carlos Sainz,45.0,69.276,8.0,Styria,0.0,0.0,0.0,4.0,8,900,0,25.0,Sunny
Carlos Sainz,46.0,68.829,8.0,Styria,0.0,0.0,0.0,4.0,8,900,0,25.0,Sunny
Carlos Sainz,47.0,68.901,8.0,Styria,0.0,0.0,0.0,4.0,8,900,0,25.0,Sunny
Carlos Sainz,48.0,68.842,8.0,Styria,0.0,0.0,0.0,4.0,8,900,0,25.0,Sunny
Carlos Sainz,49.0,68.788,8.0,Styria,0.0,0.0,0.0,4.0,8,900,0,25.0,Sunny
Carlos Sainz,50.0,68.62,8.0,Styria,0.0,0.0,0.0,4.0,8,900,0,25.0,Sunny
Carlos Sainz,51.0,68.606,8.0,Styria,0.0,0.0,0.0,4.0,8,900,0,25.0,Sunny
Carlos Sainz,52.0,68.444,8.0,Styria,0.0,0.0,0.0,4.0,8,900,0,25.0,Sunny
Carlos Sainz,53.0,68.407,8.0,Styria,0.0,0.0,0.0,4.0,8,900,0,25.0,Sunny
Carlos Sainz,54.0,68.168,8.0,Styria,0.0,0.0,0.0,4.0,8,900,0,25.0,Sunny
Carlos Sainz,55.0,68.067,8.0,Styria,0.0,0.0,0.0,4.0,8,900,0,25.0,Sunny
Carlos Sainz,56.0,68.313,8.0,Styria,0.0,0.0,0.0,4.0,8,900,0,25.0,Sunny
Carlos Sainz,57.0,68.262,8.0,Styria,0.0,0.0,0.0,4.0,8,900,0,25.0,Sunny
Carlos Sainz,58.0,68.316,8.0,Styria,0.0,0.0,0.0,4.0,8,900,0,25.0,Sunny
Carlos Sainz,59.0,68.199,8.0,Styria,0.0,0.0,0.0,4.0,8,900,0,25.0,Sunny
Carlos Sainz,60.0,68.9,8.0,Styria,0.0,0.0,0.0,4.0,8,900,0,25.0,Sunny
Carlos Sainz,61.0,69.852,9.0,Styria,0.0,0.0,0.0,4.0,8,900,0,25.0,Sunny
Carlos Sainz,62.0,68.219,9.0,Styria,0.0,0.0,0.0,4.0,8,900,0,25.0,Sunny
Carlos Sainz,63.0,68.136,9.0,Styria,0.0,0.0,0.0,4.0,8,900,0,25.0,Sunny
Carlos Sainz,64.0,68.545,9.0,Styria,0.0,0.0,0.0,4.0,8,900,0,25.0,Sunny
Carlos Sainz,65.0,67.723,9.0,Styria,0.0,0.0,0.0,4.0,8,900,0,25.0,Sunny
Carlos Sainz,66.0,71.828,9.0,Styria,0.0,0.0,0.0,4.0,8,900,0,25.0,Sunny
Carlos Sainz,67.0,86.082,9.0,Styria,0.0,0.0,0.0,4.0,8,900,0,25.0,Sunny
Carlos Sainz,68.0,65.619,9.0,Styria,0.0,0.0,0.0,4.0,8,900,0,25.0,Sunny
Carlos Sainz,69.0,69.893,9.0,Styria,0.0,0.0,0.0,4.0,8,900,0,25.0,Sunny
Carlos Sainz,70.0,67.455,9.0,Styria,0.0,0.0,0.0,4.0,8,900,0,25.0,Sunny
Daniil Kvyat,1.0,98.763,14.0,Styria,0.86,0.71,0.66,2.0,0,400,0,26.0,Sunny
Daniil Kvyat,2.0,119.748,13.0,Styria,0.86,0.71,0.66,2.0,0,400,0,26.0,Sunny
Daniil Kvyat,3.0,98.006,13.0,Styria,0.86,0.71,0.66,2.0,0,400,0,26.0,Sunny
Daniil Kvyat,4.0,72.25,12.0,Styria,0.86,0.71,0.66,2.0,0,400,0,26.0,Sunny
Daniil Kvyat,5.0,72.162,13.0,Styria,0.86,0.71,0.66,2.0,0,400,0,26.0,Sunny
Daniil Kvyat,6.0,71.161,13.0,Styria,0.86,0.71,0.66,2.0,0,400,0,26.0,Sunny
Daniil Kvyat,7.0,70.276,12.0,Styria,0.86,0.71,0.66,2.0,0,400,0,26.0,Sunny
Daniil Kvyat,8.0,70.296,12.0,Styria,0.86,0.71,0.66,2.0,0,400,0,26.0,Sunny
Daniil Kvyat,9.0,70.51,12.0,Styria,0.86,0.71,0.66,2.0,0,400,0,26.0,Sunny
Daniil Kvyat,10.0,70.333,12.0,Styria,0.86,0.71,0.66,2.0,0,400,0,26.0,Sunny
Daniil Kvyat,11.0,70.14,12.0,Styria,0.86,0.71,0.66,2.0,0,400,0,26.0,Sunny
Daniil Kvyat,12.0,70.336,12.0,Styria,0.86,0.71,0.66,2.0,0,400,0,26.0,Sunny
Daniil Kvyat,13.0,70.207,12.0,Styria,0.86,0.71,0.66,2.0,0,400,0,26.0,Sunny
Daniil Kvyat,14.0,70.406,12.0,Styria,0.86,0.71,0.66,2.0,0,400,0,26.0,Sunny
Daniil Kvyat,15.0,70.341,12.0,Styria,0.86,0.71,0.66,2.0,0,400,0,26.0,Sunny
Daniil Kvyat,16.0,70.354,12.0,Styria,0.86,0.71,0.66,2.0,0,400,0,26.0,Sunny
Daniil Kvyat,17.0,70.427,12.0,Styria,0.86,0.71,0.66,2.0,0,400,0,26.0,Sunny
Daniil Kvyat,18.0,70.334,12.0,Styria,0.86,0.71,0.66,2.0,0,400,0,26.0,Sunny
Daniil Kvyat,19.0,70.203,12.0,Styria,0.86,0.71,0.66,2.0,0,400,0,26.0,Sunny
Daniil Kvyat,20.0,70.065,12.0,Styria,0.86,0.71,0.66,2.0,0,400,0,26.0,Sunny
Daniil Kvyat,21.0,69.938,12.0,Styria,0.86,0.71,0.66,2.0,0,400,0,26.0,Sunny
Daniil Kvyat,22.0,70.353,12.0,Styria,0.86,0.71,0.66,2.0,0,400,0,26.0,Sunny
Daniil Kvyat,23.0,70.403,12.0,Styria,0.86,0.71,0.66,2.0,0,400,0,26.0,Sunny
Daniil Kvyat,24.0,70.36,11.0,Styria,0.86,0.71,0.66,2.0,0,400,0,26.0,Sunny
Daniil Kvyat,25.0,70.086,11.0,Styria,0.86,0.71,0.66,2.0,0,400,0,26.0,Sunny
Daniil Kvyat,26.0,70.097,10.0,Styria,0.86,0.71,0.66,2.0,0,400,0,26.0,Sunny
Daniil Kvyat,27.0,69.863,10.0,Styria,0.86,0.71,0.66,2.0,0,400,0,26.0,Sunny
Daniil Kvyat,28.0,69.933,10.0,Styria,0.86,0.71,0.66,2.0,0,400,0,26.0,Sunny
Daniil Kvyat,29.0,69.771,10.0,Styria,0.86,0.71,0.66,2.0,0,400,0,26.0,Sunny
Daniil Kvyat,30.0,69.689,10.0,Styria,0.86,0.71,0.66,2.0,0,400,0,26.0,Sunny
Daniil Kvyat,31.0,69.85,10.0,Styria,0.86,0.71,0.66,2.0,0,400,0,26.0,Sunny
Daniil Kvyat,32.0,69.632,10.0,Styria,0.86,0.71,0.66,2.0,0,400,0,26.0,Sunny
Daniil Kvyat,33.0,69.717,9.0,Styria,0.86,0.71,0.66,2.0,0,400,0,26.0,Sunny
Daniil Kvyat,34.0,70.084,8.0,Styria,0.86,0.71,0.66,2.0,0,400,0,26.0,Sunny
Daniil Kvyat,35.0,69.809,8.0,Styria,0.86,0.71,0.66,2.0,0,400,0,26.0,Sunny
Daniil Kvyat,36.0,72.924,11.0,Styria,0.86,0.71,0.66,2.0,0,400,0,26.0,Sunny
Daniil Kvyat,37.0,87.94,14.0,Styria,0.86,0.71,0.66,2.0,0,400,0,26.0,Sunny
Daniil Kvyat,38.0,70.375,13.0,Styria,0.86,0.71,0.66,2.0,0,400,0,26.0,Sunny
Daniil Kvyat,39.0,69.345,13.0,Styria,0.86,0.71,0.66,2.0,0,400,0,26.0,Sunny
Daniil Kvyat,40.0,69.073,12.0,Styria,0.86,0.71,0.66,2.0,0,400,0,26.0,Sunny
Daniil Kvyat,41.0,70.322,12.0,Styria,0.86,0.71,0.66,2.0,0,400,0,26.0,Sunny
Daniil Kvyat,42.0,68.734,12.0,Styria,0.86,0.71,0.66,2.0,0,400,0,26.0,Sunny
Daniil Kvyat,43.0,68.811,12.0,Styria,0.86,0.71,0.66,2.0,0,400,0,26.0,Sunny
Daniil Kvyat,44.0,69.332,12.0,Styria,0.86,0.71,0.66,2.0,0,400,0,26.0,Sunny
Daniil Kvyat,45.0,68.591,10.0,Styria,0.86,0.71,0.66,2.0,0,400,0,26.0,Sunny
Daniil Kvyat,46.0,68.822,10.0,Styria,0.86,0.71,0.66,2.0,0,400,0,26.0,Sunny
Daniil Kvyat,47.0,69.247,10.0,Styria,0.86,0.71,0.66,2.0,0,400,0,26.0,Sunny
Daniil Kvyat,48.0,69.356,10.0,Styria,0.86,0.71,0.66,2.0,0,400,0,26.0,Sunny
Daniil Kvyat,49.0,69.126,10.0,Styria,0.86,0.71,0.66,2.0,0,400,0,26.0,Sunny
Daniil Kvyat,50.0,70.442,10.0,Styria,0.86,0.71,0.66,2.0,0,400,0,26.0,Sunny
Daniil Kvyat,51.0,68.941,10.0,Styria,0.86,0.71,0.66,2.0,0,400,0,26.0,Sunny
Daniil Kvyat,52.0,68.762,10.0,Styria,0.86,0.71,0.66,2.0,0,400,0,26.0,Sunny
Daniil Kvyat,53.0,68.718,10.0,Styria,0.86,0.71,0.66,2.0,0,400,0,26.0,Sunny
Daniil Kvyat,54.0,68.749,10.0,Styria,0.86,0.71,0.66,2.0,0,400,0,26.0,Sunny
Daniil Kvyat,55.0,68.822,10.0,Styria,0.86,0.71,0.66,2.0,0,400,0,26.0,Sunny
Daniil Kvyat,56.0,68.751,10.0,Styria,0.86,0.71,0.66,2.0,0,400,0,26.0,Sunny
Daniil Kvyat,57.0,68.605,10.0,Styria,0.86,0.71,0.66,2.0,0,400,0,26.0,Sunny
Daniil Kvyat,58.0,68.629,10.0,Styria,0.86,0.71,0.66,2.0,0,400,0,26.0,Sunny
Daniil Kvyat,59.0,68.515,10.0,Styria,0.86,0.71,0.66,2.0,0,400,0,26.0,Sunny
Daniil Kvyat,60.0,68.378,10.0,Styria,0.86,0.71,0.66,2.0,0,400,0,26.0,Sunny
Daniil Kvyat,61.0,68.438,10.0,Styria,0.86,0.71,0.66,2.0,0,400,0,26.0,Sunny
Daniil Kvyat,62.0,68.563,10.0,Styria,0.86,0.71,0.66,2.0,0,400,0,26.0,Sunny
Daniil Kvyat,63.0,68.461,10.0,Styria,0.86,0.71,0.66,2.0,0,400,0,26.0,Sunny
Daniil Kvyat,64.0,68.593,10.0,Styria,0.86,0.71,0.66,2.0,0,400,0,26.0,Sunny
Daniil Kvyat,65.0,68.626,10.0,Styria,0.86,0.71,0.66,2.0,0,400,0,26.0,Sunny
Daniil Kvyat,66.0,68.427,10.0,Styria,0.86,0.71,0.66,2.0,0,400,0,26.0,Sunny
Daniil Kvyat,67.0,68.592,10.0,Styria,0.86,0.71,0.66,2.0,0,400,0,26.0,Sunny
Daniil Kvyat,68.0,68.71,10.0,Styria,0.86,0.71,0.66,2.0,0,400,0,26.0,Sunny
Daniil Kvyat,69.0,68.779,10.0,Styria,0.86,0.71,0.66,2.0,0,400,0,26.0,Sunny
Daniil Kvyat,70.0,68.532,10.0,Styria,0.86,0.71,0.66,2.0,0,400,0,26.0,Sunny
Kimi Raikknen,1.0,105.821,20.0,Styria,0.84,0.76,0.99,0.0,0,300,0,40.0,Sunny
Kimi Raikknen,2.0,119.637,18.0,Styria,0.84,0.76,0.99,0.0,0,300,0,40.0,Sunny
Kimi Raikknen,3.0,93.413,18.0,Styria,0.84,0.76,0.99,0.0,0,300,0,40.0,Sunny
Kimi Raikknen,4.0,73.037,17.0,Styria,0.84,0.76,0.99,0.0,0,300,0,40.0,Sunny
Kimi Raikknen,5.0,71.912,17.0,Styria,0.84,0.76,0.99,0.0,0,300,0,40.0,Sunny
Kimi Raikknen,6.0,71.194,17.0,Styria,0.84,0.76,0.99,0.0,0,300,0,40.0,Sunny
Kimi Raikknen,7.0,71.568,17.0,Styria,0.84,0.76,0.99,0.0,0,300,0,40.0,Sunny
Kimi Raikknen,8.0,71.232,17.0,Styria,0.84,0.76,0.99,0.0,0,300,0,40.0,Sunny
Kimi Raikknen,9.0,70.561,17.0,Styria,0.84,0.76,0.99,0.0,0,300,0,40.0,Sunny
Kimi Raikknen,10.0,70.622,16.0,Styria,0.84,0.76,0.99,0.0,0,300,0,40.0,Sunny
Kimi Raikknen,11.0,70.216,16.0,Styria,0.84,0.76,0.99,0.0,0,300,0,40.0,Sunny
Kimi Raikknen,12.0,70.082,16.0,Styria,0.84,0.76,0.99,0.0,0,300,0,40.0,Sunny
Kimi Raikknen,13.0,69.8,15.0,Styria,0.84,0.76,0.99,0.0,0,300,0,40.0,Sunny
Kimi Raikknen,14.0,70.076,15.0,Styria,0.84,0.76,0.99,0.0,0,300,0,40.0,Sunny
Kimi Raikknen,15.0,70.112,15.0,Styria,0.84,0.76,0.99,0.0,0,300,0,40.0,Sunny
Kimi Raikknen,16.0,70.12,15.0,Styria,0.84,0.76,0.99,0.0,0,300,0,40.0,Sunny
Kimi Raikknen,17.0,70.244,15.0,Styria,0.84,0.76,0.99,0.0,0,300,0,40.0,Sunny
Kimi Raikknen,18.0,69.881,14.0,Styria,0.84,0.76,0.99,0.0,0,300,0,40.0,Sunny
Kimi Raikknen,19.0,69.895,14.0,Styria,0.84,0.76,0.99,0.0,0,300,0,40.0,Sunny
Kimi Raikknen,20.0,70.024,14.0,Styria,0.84,0.76,0.99,0.0,0,300,0,40.0,Sunny
Kimi Raikknen,21.0,69.747,14.0,Styria,0.84,0.76,0.99,0.0,0,300,0,40.0,Sunny
Kimi Raikknen,22.0,71.027,14.0,Styria,0.84,0.76,0.99,0.0,0,300,0,40.0,Sunny
Kimi Raikknen,23.0,70.068,14.0,Styria,0.84,0.76,0.99,0.0,0,300,0,40.0,Sunny
Kimi Raikknen,24.0,69.99,14.0,Styria,0.84,0.76,0.99,0.0,0,300,0,40.0,Sunny
Kimi Raikknen,25.0,69.947,13.0,Styria,0.84,0.76,0.99,0.0,0,300,0,40.0,Sunny
Kimi Raikknen,26.0,70.178,12.0,Styria,0.84,0.76,0.99,0.0,0,300,0,40.0,Sunny
Kimi Raikknen,27.0,69.849,12.0,Styria,0.84,0.76,0.99,0.0,0,300,0,40.0,Sunny
Kimi Raikknen,28.0,70.009,12.0,Styria,0.84,0.76,0.99,0.0,0,300,0,40.0,Sunny
Kimi Raikknen,29.0,69.984,12.0,Styria,0.84,0.76,0.99,0.0,0,300,0,40.0,Sunny
Kimi Raikknen,30.0,69.825,12.0,Styria,0.84,0.76,0.99,0.0,0,300,0,40.0,Sunny
Kimi Raikknen,31.0,69.68,12.0,Styria,0.84,0.76,0.99,0.0,0,300,0,40.0,Sunny
Kimi Raikknen,32.0,69.769,12.0,Styria,0.84,0.76,0.99,0.0,0,300,0,40.0,Sunny
Kimi Raikknen,33.0,69.413,11.0,Styria,0.84,0.76,0.99,0.0,0,300,0,40.0,Sunny
Kimi Raikknen,34.0,69.666,10.0,Styria,0.84,0.76,0.99,0.0,0,300,0,40.0,Sunny
Kimi Raikknen,35.0,69.555,10.0,Styria,0.84,0.76,0.99,0.0,0,300,0,40.0,Sunny
Kimi Raikknen,36.0,70.347,10.0,Styria,0.84,0.76,0.99,0.0,0,300,0,40.0,Sunny
Kimi Raikknen,37.0,70.368,11.0,Styria,0.84,0.76,0.99,0.0,0,300,0,40.0,Sunny
Kimi Raikknen,38.0,69.538,11.0,Styria,0.84,0.76,0.99,0.0,0,300,0,40.0,Sunny
Kimi Raikknen,39.0,70.026,10.0,Styria,0.84,0.76,0.99,0.0,0,300,0,40.0,Sunny
Kimi Raikknen,40.0,69.34,9.0,Styria,0.84,0.76,0.99,0.0,0,300,0,40.0,Sunny
Kimi Raikknen,41.0,69.543,9.0,Styria,0.84,0.76,0.99,0.0,0,300,0,40.0,Sunny
Kimi Raikknen,42.0,69.313,9.0,Styria,0.84,0.76,0.99,0.0,0,300,0,40.0,Sunny
Kimi Raikknen,43.0,69.42,9.0,Styria,0.84,0.76,0.99,0.0,0,300,0,40.0,Sunny
Kimi Raikknen,44.0,73.545,10.0,Styria,0.84,0.76,0.99,0.0,0,300,0,40.0,Sunny
Kimi Raikknen,45.0,86.116,14.0,Styria,0.84,0.76,0.99,0.0,0,300,0,40.0,Sunny
Kimi Raikknen,46.0,69.026,14.0,Styria,0.84,0.76,0.99,0.0,0,300,0,40.0,Sunny
Kimi Raikknen,47.0,69.721,13.0,Styria,0.84,0.76,0.99,0.0,0,300,0,40.0,Sunny
Kimi Raikknen,48.0,69.022,12.0,Styria,0.84,0.76,0.99,0.0,0,300,0,40.0,Sunny
Kimi Raikknen,49.0,69.012,12.0,Styria,0.84,0.76,0.99,0.0,0,300,0,40.0,Sunny
Kimi Raikknen,50.0,68.968,12.0,Styria,0.84,0.76,0.99,0.0,0,300,0,40.0,Sunny
Kimi Raikknen,51.0,69.216,12.0,Styria,0.84,0.76,0.99,0.0,0,300,0,40.0,Sunny
Kimi Raikknen,52.0,68.596,12.0,Styria,0.84,0.76,0.99,0.0,0,300,0,40.0,Sunny
Kimi Raikknen,53.0,68.584,12.0,Styria,0.84,0.76,0.99,0.0,0,300,0,40.0,Sunny
Kimi Raikknen,54.0,68.569,12.0,Styria,0.84,0.76,0.99,0.0,0,300,0,40.0,Sunny
Kimi Raikknen,55.0,68.857,12.0,Styria,0.84,0.76,0.99,0.0,0,300,0,40.0,Sunny
Kimi Raikknen,56.0,68.739,12.0,Styria,0.84,0.76,0.99,0.0,0,300,0,40.0,Sunny
Kimi Raikknen,57.0,68.382,12.0,Styria,0.84,0.76,0.99,0.0,0,300,0,40.0,Sunny
Kimi Raikknen,58.0,68.73,12.0,Styria,0.84,0.76,0.99,0.0,0,300,0,40.0,Sunny
Kimi Raikknen,59.0,68.992,11.0,Styria,0.84,0.76,0.99,0.0,0,300,0,40.0,Sunny
Kimi Raikknen,60.0,68.716,11.0,Styria,0.84,0.76,0.99,0.0,0,300,0,40.0,Sunny
Kimi Raikknen,61.0,68.588,11.0,Styria,0.84,0.76,0.99,0.0,0,300,0,40.0,Sunny
Kimi Raikknen,62.0,68.664,11.0,Styria,0.84,0.76,0.99,0.0,0,300,0,40.0,Sunny
Kimi Raikknen,63.0,68.934,11.0,Styria,0.84,0.76,0.99,0.0,0,300,0,40.0,Sunny
Kimi Raikknen,64.0,68.819,11.0,Styria,0.84,0.76,0.99,0.0,0,300,0,40.0,Sunny
Kimi Raikknen,65.0,68.857,11.0,Styria,0.84,0.76,0.99,0.0,0,300,0,40.0,Sunny
Kimi Raikknen,66.0,68.673,11.0,Styria,0.84,0.76,0.99,0.0,0,300,0,40.0,Sunny
Kimi Raikknen,67.0,68.747,11.0,Styria,0.84,0.76,0.99,0.0,0,300,0,40.0,Sunny
Kimi Raikknen,68.0,68.808,11.0,Styria,0.84,0.76,0.99,0.0,0,300,0,40.0,Sunny
Kimi Raikknen,69.0,69.901,11.0,Styria,0.84,0.76,0.99,0.0,0,300,0,40.0,Sunny
Kimi Raikknen,70.0,69.971,11.0,Styria,0.84,0.76,0.99,0.0,0,300,0,40.0,Sunny
Kevin Magnussen,1.0,97.594,13.0,Styria,0.78,0.73,0.68,4.0,0,250,0,27.0,Sunny
Kevin Magnussen,2.0,119.065,12.0,Styria,0.78,0.73,0.68,4.0,0,250,0,27.0,Sunny
Kevin Magnussen,3.0,99.234,12.0,Styria,0.78,0.73,0.68,4.0,0,250,0,27.0,Sunny
Kevin Magnussen,4.0,72.405,11.0,Styria,0.78,0.73,0.68,4.0,0,250,0,27.0,Sunny
Kevin Magnussen,5.0,71.695,11.0,Styria,0.78,0.73,0.68,4.0,0,250,0,27.0,Sunny
Kevin Magnussen,6.0,71.401,12.0,Styria,0.78,0.73,0.68,4.0,0,250,0,27.0,Sunny
Kevin Magnussen,7.0,72.003,13.0,Styria,0.78,0.73,0.68,4.0,0,250,0,27.0,Sunny
Kevin Magnussen,8.0,71.82,14.0,Styria,0.78,0.73,0.68,4.0,0,250,0,27.0,Sunny
Kevin Magnussen,9.0,70.795,14.0,Styria,0.78,0.73,0.68,4.0,0,250,0,27.0,Sunny
Kevin Magnussen,10.0,70.525,14.0,Styria,0.78,0.73,0.68,4.0,0,250,0,27.0,Sunny
Kevin Magnussen,11.0,71.917,15.0,Styria,0.78,0.73,0.68,4.0,0,250,0,27.0,Sunny
Kevin Magnussen,12.0,70.298,15.0,Styria,0.78,0.73,0.68,4.0,0,250,0,27.0,Sunny
Kevin Magnussen,13.0,71.423,16.0,Styria,0.78,0.73,0.68,4.0,0,250,0,27.0,Sunny
Kevin Magnussen,14.0,70.52,16.0,Styria,0.78,0.73,0.68,4.0,0,250,0,27.0,Sunny
Kevin Magnussen,15.0,70.49,16.0,Styria,0.78,0.73,0.68,4.0,0,250,0,27.0,Sunny
Kevin Magnussen,16.0,70.373,16.0,Styria,0.78,0.73,0.68,4.0,0,250,0,27.0,Sunny
Kevin Magnussen,17.0,70.303,16.0,Styria,0.78,0.73,0.68,4.0,0,250,0,27.0,Sunny
Kevin Magnussen,18.0,70.464,16.0,Styria,0.78,0.73,0.68,4.0,0,250,0,27.0,Sunny
Kevin Magnussen,19.0,70.139,16.0,Styria,0.78,0.73,0.68,4.0,0,250,0,27.0,Sunny
Kevin Magnussen,20.0,70.107,16.0,Styria,0.78,0.73,0.68,4.0,0,250,0,27.0,Sunny
Kevin Magnussen,21.0,69.908,16.0,Styria,0.78,0.73,0.68,4.0,0,250,0,27.0,Sunny
Kevin Magnussen,22.0,69.91,15.0,Styria,0.78,0.73,0.68,4.0,0,250,0,27.0,Sunny
Kevin Magnussen,23.0,69.95,15.0,Styria,0.78,0.73,0.68,4.0,0,250,0,27.0,Sunny
Kevin Magnussen,24.0,70.016,15.0,Styria,0.78,0.73,0.68,4.0,0,250,0,27.0,Sunny
Kevin Magnussen,25.0,69.984,14.0,Styria,0.78,0.73,0.68,4.0,0,250,0,27.0,Sunny
Kevin Magnussen,26.0,70.071,13.0,Styria,0.78,0.73,0.68,4.0,0,250,0,27.0,Sunny
Kevin Magnussen,27.0,69.673,13.0,Styria,0.78,0.73,0.68,4.0,0,250,0,27.0,Sunny
Kevin Magnussen,28.0,69.735,13.0,Styria,0.78,0.73,0.68,4.0,0,250,0,27.0,Sunny
Kevin Magnussen,29.0,69.958,13.0,Styria,0.78,0.73,0.68,4.0,0,250,0,27.0,Sunny
Kevin Magnussen,30.0,69.792,13.0,Styria,0.78,0.73,0.68,4.0,0,250,0,27.0,Sunny
Kevin Magnussen,31.0,73.375,14.0,Styria,0.78,0.73,0.68,4.0,0,250,0,27.0,Sunny
Kevin Magnussen,32.0,86.926,17.0,Styria,0.78,0.73,0.68,4.0,0,250,0,27.0,Sunny
Kevin Magnussen,33.0,69.081,16.0,Styria,0.78,0.73,0.68,4.0,0,250,0,27.0,Sunny
Kevin Magnussen,34.0,68.996,15.0,Styria,0.78,0.73,0.68,4.0,0,250,0,27.0,Sunny
Kevin Magnussen,35.0,68.606,15.0,Styria,0.78,0.73,0.68,4.0,0,250,0,27.0,Sunny
Kevin Magnussen,36.0,68.63,15.0,Styria,0.78,0.73,0.68,4.0,0,250,0,27.0,Sunny
Kevin Magnussen,37.0,71.307,15.0,Styria,0.78,0.73,0.68,4.0,0,250,0,27.0,Sunny
Kevin Magnussen,38.0,69.335,14.0,Styria,0.78,0.73,0.68,4.0,0,250,0,27.0,Sunny
Kevin Magnussen,39.0,69.609,14.0,Styria,0.78,0.73,0.68,4.0,0,250,0,27.0,Sunny
Kevin Magnussen,40.0,70.233,13.0,Styria,0.78,0.73,0.68,4.0,0,250,0,27.0,Sunny
Kevin Magnussen,41.0,69.815,14.0,Styria,0.78,0.73,0.68,4.0,0,250,0,27.0,Sunny
Kevin Magnussen,42.0,68.886,14.0,Styria,0.78,0.73,0.68,4.0,0,250,0,27.0,Sunny
Kevin Magnussen,43.0,68.965,14.0,Styria,0.78,0.73,0.68,4.0,0,250,0,27.0,Sunny
Kevin Magnussen,44.0,69.283,14.0,Styria,0.78,0.73,0.68,4.0,0,250,0,27.0,Sunny
Kevin Magnussen,45.0,69.958,13.0,Styria,0.78,0.73,0.68,4.0,0,250,0,27.0,Sunny
Kevin Magnussen,46.0,69.65,13.0,Styria,0.78,0.73,0.68,4.0,0,250,0,27.0,Sunny
Kevin Magnussen,47.0,71.243,14.0,Styria,0.78,0.73,0.68,4.0,0,250,0,27.0,Sunny
Kevin Magnussen,48.0,70.931,15.0,Styria,0.78,0.73,0.68,4.0,0,250,0,27.0,Sunny
Kevin Magnussen,49.0,69.742,14.0,Styria,0.78,0.73,0.68,4.0,0,250,0,27.0,Sunny
Kevin Magnussen,50.0,69.333,14.0,Styria,0.78,0.73,0.68,4.0,0,250,0,27.0,Sunny
Kevin Magnussen,51.0,68.884,14.0,Styria,0.78,0.73,0.68,4.0,0,250,0,27.0,Sunny
Kevin Magnussen,52.0,68.516,14.0,Styria,0.78,0.73,0.68,4.0,0,250,0,27.0,Sunny
Kevin Magnussen,53.0,68.817,14.0,Styria,0.78,0.73,0.68,4.0,0,250,0,27.0,Sunny
Kevin Magnussen,54.0,68.558,14.0,Styria,0.78,0.73,0.68,4.0,0,250,0,27.0,Sunny
Kevin Magnussen,55.0,68.327,14.0,Styria,0.78,0.73,0.68,4.0,0,250,0,27.0,Sunny
Kevin Magnussen,56.0,68.696,14.0,Styria,0.78,0.73,0.68,4.0,0,250,0,27.0,Sunny
Kevin Magnussen,57.0,68.378,14.0,Styria,0.78,0.73,0.68,4.0,0,250,0,27.0,Sunny
Kevin Magnussen,58.0,68.446,14.0,Styria,0.78,0.73,0.68,4.0,0,250,0,27.0,Sunny
Kevin Magnussen,59.0,68.557,14.0,Styria,0.78,0.73,0.68,4.0,0,250,0,27.0,Sunny
Kevin Magnussen,60.0,68.698,14.0,Styria,0.78,0.73,0.68,4.0,0,250,0,27.0,Sunny
Kevin Magnussen,61.0,68.566,14.0,Styria,0.78,0.73,0.68,4.0,0,250,0,27.0,Sunny
Kevin Magnussen,62.0,69.126,14.0,Styria,0.78,0.73,0.68,4.0,0,250,0,27.0,Sunny
Kevin Magnussen,63.0,68.858,14.0,Styria,0.78,0.73,0.68,4.0,0,250,0,27.0,Sunny
Kevin Magnussen,64.0,68.849,14.0,Styria,0.78,0.73,0.68,4.0,0,250,0,27.0,Sunny
Kevin Magnussen,65.0,68.267,13.0,Styria,0.78,0.73,0.68,4.0,0,250,0,27.0,Sunny
Kevin Magnussen,66.0,68.508,13.0,Styria,0.78,0.73,0.68,4.0,0,250,0,27.0,Sunny
Kevin Magnussen,67.0,68.534,13.0,Styria,0.78,0.73,0.68,4.0,0,250,0,27.0,Sunny
Kevin Magnussen,68.0,70.35,12.0,Styria,0.78,0.73,0.68,4.0,0,250,0,27.0,Sunny
Kevin Magnussen,69.0,68.009,12.0,Styria,0.78,0.73,0.68,4.0,0,250,0,27.0,Sunny
Kevin Magnussen,70.0,68.657,12.0,Styria,0.78,0.73,0.68,4.0,0,250,0,27.0,Sunny
Romain Grosjean,1.0,103.86,19.0,Styria,0.79,0.74,0.78,4.0,0,250,0,34.0,Sunny
Romain Grosjean,2.0,119.726,17.0,Styria,0.79,0.74,0.78,4.0,0,250,0,34.0,Sunny
Romain Grosjean,3.0,94.898,17.0,Styria,0.79,0.74,0.78,4.0,0,250,0,34.0,Sunny
Romain Grosjean,4.0,72.967,16.0,Styria,0.79,0.74,0.78,4.0,0,250,0,34.0,Sunny
Romain Grosjean,5.0,71.939,16.0,Styria,0.79,0.74,0.78,4.0,0,250,0,34.0,Sunny
Romain Grosjean,6.0,71.073,16.0,Styria,0.79,0.74,0.78,4.0,0,250,0,34.0,Sunny
Romain Grosjean,7.0,70.554,15.0,Styria,0.79,0.74,0.78,4.0,0,250,0,34.0,Sunny
Romain Grosjean,8.0,70.946,15.0,Styria,0.79,0.74,0.78,4.0,0,250,0,34.0,Sunny
Romain Grosjean,9.0,70.751,15.0,Styria,0.79,0.74,0.78,4.0,0,250,0,34.0,Sunny
Romain Grosjean,10.0,70.57,15.0,Styria,0.79,0.74,0.78,4.0,0,250,0,34.0,Sunny
Romain Grosjean,11.0,70.251,14.0,Styria,0.79,0.74,0.78,4.0,0,250,0,34.0,Sunny
Romain Grosjean,12.0,70.04,14.0,Styria,0.79,0.74,0.78,4.0,0,250,0,34.0,Sunny
Romain Grosjean,13.0,70.113,14.0,Styria,0.79,0.74,0.78,4.0,0,250,0,34.0,Sunny
Romain Grosjean,14.0,70.293,14.0,Styria,0.79,0.74,0.78,4.0,0,250,0,34.0,Sunny
Romain Grosjean,15.0,70.126,14.0,Styria,0.79,0.74,0.78,4.0,0,250,0,34.0,Sunny
Romain Grosjean,16.0,70.333,14.0,Styria,0.79,0.74,0.78,4.0,0,250,0,34.0,Sunny
Romain Grosjean,17.0,70.641,14.0,Styria,0.79,0.74,0.78,4.0,0,250,0,34.0,Sunny
Romain Grosjean,18.0,71.665,15.0,Styria,0.79,0.74,0.78,4.0,0,250,0,34.0,Sunny
Romain Grosjean,19.0,70.234,15.0,Styria,0.79,0.74,0.78,4.0,0,250,0,34.0,Sunny
Romain Grosjean,20.0,70.695,15.0,Styria,0.79,0.74,0.78,4.0,0,250,0,34.0,Sunny
Romain Grosjean,21.0,69.818,15.0,Styria,0.79,0.74,0.78,4.0,0,250,0,34.0,Sunny
Romain Grosjean,22.0,71.796,16.0,Styria,0.79,0.74,0.78,4.0,0,250,0,34.0,Sunny
Romain Grosjean,23.0,69.847,16.0,Styria,0.79,0.74,0.78,4.0,0,250,0,34.0,Sunny
Romain Grosjean,24.0,69.928,16.0,Styria,0.79,0.74,0.78,4.0,0,250,0,34.0,Sunny
Romain Grosjean,25.0,70.031,15.0,Styria,0.79,0.74,0.78,4.0,0,250,0,34.0,Sunny
Romain Grosjean,26.0,70.245,14.0,Styria,0.79,0.74,0.78,4.0,0,250,0,34.0,Sunny
Romain Grosjean,27.0,69.636,14.0,Styria,0.79,0.74,0.78,4.0,0,250,0,34.0,Sunny
Romain Grosjean,28.0,69.822,14.0,Styria,0.79,0.74,0.78,4.0,0,250,0,34.0,Sunny
Romain Grosjean,29.0,70.026,14.0,Styria,0.79,0.74,0.78,4.0,0,250,0,34.0,Sunny
Romain Grosjean,30.0,70.002,14.0,Styria,0.79,0.74,0.78,4.0,0,250,0,34.0,Sunny
Romain Grosjean,31.0,69.852,13.0,Styria,0.79,0.74,0.78,4.0,0,250,0,34.0,Sunny
Romain Grosjean,32.0,69.311,13.0,Styria,0.79,0.74,0.78,4.0,0,250,0,34.0,Sunny
Romain Grosjean,33.0,69.257,12.0,Styria,0.79,0.74,0.78,4.0,0,250,0,34.0,Sunny
Romain Grosjean,34.0,71.19,13.0,Styria,0.79,0.74,0.78,4.0,0,250,0,34.0,Sunny
Romain Grosjean,35.0,69.859,13.0,Styria,0.79,0.74,0.78,4.0,0,250,0,34.0,Sunny
Romain Grosjean,36.0,69.943,13.0,Styria,0.79,0.74,0.78,4.0,0,250,0,34.0,Sunny
Romain Grosjean,37.0,73.985,12.0,Styria,0.79,0.74,0.78,4.0,0,250,0,34.0,Sunny
Romain Grosjean,38.0,87.914,15.0,Styria,0.79,0.74,0.78,4.0,0,250,0,34.0,Sunny
Romain Grosjean,39.0,68.842,15.0,Styria,0.79,0.74,0.78,4.0,0,250,0,34.0,Sunny
Romain Grosjean,40.0,68.462,15.0,Styria,0.79,0.74,0.78,4.0,0,250,0,34.0,Sunny
Romain Grosjean,41.0,68.478,15.0,Styria,0.79,0.74,0.78,4.0,0,250,0,34.0,Sunny
Romain Grosjean,42.0,70.469,15.0,Styria,0.79,0.74,0.78,4.0,0,250,0,34.0,Sunny
Romain Grosjean,43.0,68.812,15.0,Styria,0.79,0.74,0.78,4.0,0,250,0,34.0,Sunny
Romain Grosjean,44.0,68.89,15.0,Styria,0.79,0.74,0.78,4.0,0,250,0,34.0,Sunny
Romain Grosjean,45.0,69.268,15.0,Styria,0.79,0.74,0.78,4.0,0,250,0,34.0,Sunny
Romain Grosjean,46.0,69.229,15.0,Styria,0.79,0.74,0.78,4.0,0,250,0,34.0,Sunny
Romain Grosjean,47.0,69.433,15.0,Styria,0.79,0.74,0.78,4.0,0,250,0,34.0,Sunny
Romain Grosjean,48.0,69.486,14.0,Styria,0.79,0.74,0.78,4.0,0,250,0,34.0,Sunny
Romain Grosjean,49.0,70.092,13.0,Styria,0.79,0.74,0.78,4.0,0,250,0,34.0,Sunny
Romain Grosjean,50.0,69.05,13.0,Styria,0.79,0.74,0.78,4.0,0,250,0,34.0,Sunny
Romain Grosjean,51.0,68.849,13.0,Styria,0.79,0.74,0.78,4.0,0,250,0,34.0,Sunny
Romain Grosjean,52.0,68.559,13.0,Styria,0.79,0.74,0.78,4.0,0,250,0,34.0,Sunny
Romain Grosjean,53.0,68.83,13.0,Styria,0.79,0.74,0.78,4.0,0,250,0,34.0,Sunny
Romain Grosjean,54.0,68.387,13.0,Styria,0.79,0.74,0.78,4.0,0,250,0,34.0,Sunny
Romain Grosjean,55.0,68.477,13.0,Styria,0.79,0.74,0.78,4.0,0,250,0,34.0,Sunny
Romain Grosjean,56.0,68.573,13.0,Styria,0.79,0.74,0.78,4.0,0,250,0,34.0,Sunny
Romain Grosjean,57.0,68.532,13.0,Styria,0.79,0.74,0.78,4.0,0,250,0,34.0,Sunny
Romain Grosjean,58.0,68.388,13.0,Styria,0.79,0.74,0.78,4.0,0,250,0,34.0,Sunny
Romain Grosjean,59.0,68.342,13.0,Styria,0.79,0.74,0.78,4.0,0,250,0,34.0,Sunny
Romain Grosjean,60.0,68.967,13.0,Styria,0.79,0.74,0.78,4.0,0,250,0,34.0,Sunny
Romain Grosjean,61.0,68.888,13.0,Styria,0.79,0.74,0.78,4.0,0,250,0,34.0,Sunny
Romain Grosjean,62.0,68.793,13.0,Styria,0.79,0.74,0.78,4.0,0,250,0,34.0,Sunny
Romain Grosjean,63.0,68.888,13.0,Styria,0.79,0.74,0.78,4.0,0,250,0,34.0,Sunny
Romain Grosjean,64.0,68.887,13.0,Styria,0.79,0.74,0.78,4.0,0,250,0,34.0,Sunny
Romain Grosjean,65.0,69.86,14.0,Styria,0.79,0.74,0.78,4.0,0,250,0,34.0,Sunny
Romain Grosjean,66.0,68.234,14.0,Styria,0.79,0.74,0.78,4.0,0,250,0,34.0,Sunny
Romain Grosjean,67.0,68.618,14.0,Styria,0.79,0.74,0.78,4.0,0,250,0,34.0,Sunny
Romain Grosjean,68.0,70.522,13.0,Styria,0.79,0.74,0.78,4.0,0,250,0,34.0,Sunny
Romain Grosjean,69.0,68.047,13.0,Styria,0.79,0.74,0.78,4.0,0,250,0,34.0,Sunny
Romain Grosjean,70.0,68.329,13.0,Styria,0.79,0.74,0.78,4.0,0,250,0,34.0,Sunny
Antonio Giovinazzi,1.0,100.4,15.0,Styria,0.76,0.68,0.52,3.0,0,300,0,26.0,Sunny
Antonio Giovinazzi,2.0,119.12,14.0,Styria,0.76,0.68,0.52,3.0,0,300,0,26.0,Sunny
Antonio Giovinazzi,3.0,97.711,14.0,Styria,0.76,0.68,0.52,3.0,0,300,0,26.0,Sunny
Antonio Giovinazzi,4.0,72.706,14.0,Styria,0.76,0.68,0.52,3.0,0,300,0,26.0,Sunny
Antonio Giovinazzi,5.0,71.78,14.0,Styria,0.76,0.68,0.52,3.0,0,300,0,26.0,Sunny
Antonio Giovinazzi,6.0,71.028,14.0,Styria,0.76,0.68,0.52,3.0,0,300,0,26.0,Sunny
Antonio Giovinazzi,7.0,71.171,14.0,Styria,0.76,0.68,0.52,3.0,0,300,0,26.0,Sunny
Antonio Giovinazzi,8.0,70.377,13.0,Styria,0.76,0.68,0.52,3.0,0,300,0,26.0,Sunny
Antonio Giovinazzi,9.0,70.514,13.0,Styria,0.76,0.68,0.52,3.0,0,300,0,26.0,Sunny
Antonio Giovinazzi,10.0,70.416,13.0,Styria,0.76,0.68,0.52,3.0,0,300,0,26.0,Sunny
Antonio Giovinazzi,11.0,70.121,13.0,Styria,0.76,0.68,0.52,3.0,0,300,0,26.0,Sunny
Antonio Giovinazzi,12.0,70.385,13.0,Styria,0.76,0.68,0.52,3.0,0,300,0,26.0,Sunny
Antonio Giovinazzi,13.0,70.261,13.0,Styria,0.76,0.68,0.52,3.0,0,300,0,26.0,Sunny
Antonio Giovinazzi,14.0,70.143,13.0,Styria,0.76,0.68,0.52,3.0,0,300,0,26.0,Sunny
Antonio Giovinazzi,15.0,70.348,13.0,Styria,0.76,0.68,0.52,3.0,0,300,0,26.0,Sunny
Antonio Giovinazzi,16.0,70.291,13.0,Styria,0.76,0.68,0.52,3.0,0,300,0,26.0,Sunny
Antonio Giovinazzi,17.0,70.456,13.0,Styria,0.76,0.68,0.52,3.0,0,300,0,26.0,Sunny
Antonio Giovinazzi,18.0,70.237,13.0,Styria,0.76,0.68,0.52,3.0,0,300,0,26.0,Sunny
Antonio Giovinazzi,19.0,70.27,13.0,Styria,0.76,0.68,0.52,3.0,0,300,0,26.0,Sunny
Antonio Giovinazzi,20.0,70.251,13.0,Styria,0.76,0.68,0.52,3.0,0,300,0,26.0,Sunny
Antonio Giovinazzi,21.0,70.072,13.0,Styria,0.76,0.68,0.52,3.0,0,300,0,26.0,Sunny
Antonio Giovinazzi,22.0,70.081,13.0,Styria,0.76,0.68,0.52,3.0,0,300,0,26.0,Sunny
Antonio Giovinazzi,23.0,70.176,13.0,Styria,0.76,0.68,0.52,3.0,0,300,0,26.0,Sunny
Antonio Giovinazzi,24.0,70.21,12.0,Styria,0.76,0.68,0.52,3.0,0,300,0,26.0,Sunny
Antonio Giovinazzi,25.0,70.247,12.0,Styria,0.76,0.68,0.52,3.0,0,300,0,26.0,Sunny
Antonio Giovinazzi,26.0,70.1,11.0,Styria,0.76,0.68,0.52,3.0,0,300,0,26.0,Sunny
Antonio Giovinazzi,27.0,69.932,11.0,Styria,0.76,0.68,0.52,3.0,0,300,0,26.0,Sunny
Antonio Giovinazzi,28.0,69.952,11.0,Styria,0.76,0.68,0.52,3.0,0,300,0,26.0,Sunny
Antonio Giovinazzi,29.0,69.951,11.0,Styria,0.76,0.68,0.52,3.0,0,300,0,26.0,Sunny
Antonio Giovinazzi,30.0,69.799,11.0,Styria,0.76,0.68,0.52,3.0,0,300,0,26.0,Sunny
Antonio Giovinazzi,31.0,69.829,11.0,Styria,0.76,0.68,0.52,3.0,0,300,0,26.0,Sunny
Antonio Giovinazzi,32.0,69.686,11.0,Styria,0.76,0.68,0.52,3.0,0,300,0,26.0,Sunny
Antonio Giovinazzi,33.0,69.513,10.0,Styria,0.76,0.68,0.52,3.0,0,300,0,26.0,Sunny
Antonio Giovinazzi,34.0,69.782,9.0,Styria,0.76,0.68,0.52,3.0,0,300,0,26.0,Sunny
Antonio Giovinazzi,35.0,69.874,9.0,Styria,0.76,0.68,0.52,3.0,0,300,0,26.0,Sunny
Antonio Giovinazzi,36.0,70.076,8.0,Styria,0.76,0.68,0.52,3.0,0,300,0,26.0,Sunny
Antonio Giovinazzi,37.0,70.233,9.0,Styria,0.76,0.68,0.52,3.0,0,300,0,26.0,Sunny
Antonio Giovinazzi,38.0,70.255,10.0,Styria,0.76,0.68,0.52,3.0,0,300,0,26.0,Sunny
Antonio Giovinazzi,39.0,73.516,11.0,Styria,0.76,0.68,0.52,3.0,0,300,0,26.0,Sunny
Antonio Giovinazzi,40.0,87.026,14.0,Styria,0.76,0.68,0.52,3.0,0,300,0,26.0,Sunny
Antonio Giovinazzi,41.0,68.658,13.0,Styria,0.76,0.68,0.52,3.0,0,300,0,26.0,Sunny
Antonio Giovinazzi,42.0,68.731,13.0,Styria,0.76,0.68,0.52,3.0,0,300,0,26.0,Sunny
Antonio Giovinazzi,43.0,68.935,13.0,Styria,0.76,0.68,0.52,3.0,0,300,0,26.0,Sunny
Antonio Giovinazzi,44.0,69.307,13.0,Styria,0.76,0.68,0.52,3.0,0,300,0,26.0,Sunny
Antonio Giovinazzi,45.0,69.274,12.0,Styria,0.76,0.68,0.52,3.0,0,300,0,26.0,Sunny
Antonio Giovinazzi,46.0,68.856,12.0,Styria,0.76,0.68,0.52,3.0,0,300,0,26.0,Sunny
Antonio Giovinazzi,47.0,69.243,11.0,Styria,0.76,0.68,0.52,3.0,0,300,0,26.0,Sunny
Antonio Giovinazzi,48.0,70.928,11.0,Styria,0.76,0.68,0.52,3.0,0,300,0,26.0,Sunny
Antonio Giovinazzi,49.0,69.069,11.0,Styria,0.76,0.68,0.52,3.0,0,300,0,26.0,Sunny
Antonio Giovinazzi,50.0,69.006,11.0,Styria,0.76,0.68,0.52,3.0,0,300,0,26.0,Sunny
Antonio Giovinazzi,51.0,69.044,11.0,Styria,0.76,0.68,0.52,3.0,0,300,0,26.0,Sunny
Antonio Giovinazzi,52.0,69.015,11.0,Styria,0.76,0.68,0.52,3.0,0,300,0,26.0,Sunny
Antonio Giovinazzi,53.0,68.813,11.0,Styria,0.76,0.68,0.52,3.0,0,300,0,26.0,Sunny
Antonio Giovinazzi,54.0,68.512,11.0,Styria,0.76,0.68,0.52,3.0,0,300,0,26.0,Sunny
Antonio Giovinazzi,55.0,68.735,11.0,Styria,0.76,0.68,0.52,3.0,0,300,0,26.0,Sunny
Antonio Giovinazzi,56.0,68.658,11.0,Styria,0.76,0.68,0.52,3.0,0,300,0,26.0,Sunny
Antonio Giovinazzi,57.0,68.572,11.0,Styria,0.76,0.68,0.52,3.0,0,300,0,26.0,Sunny
Antonio Giovinazzi,58.0,68.892,11.0,Styria,0.76,0.68,0.52,3.0,0,300,0,26.0,Sunny
Antonio Giovinazzi,59.0,70.136,12.0,Styria,0.76,0.68,0.52,3.0,0,300,0,26.0,Sunny
Antonio Giovinazzi,60.0,69.283,12.0,Styria,0.76,0.68,0.52,3.0,0,300,0,26.0,Sunny
Antonio Giovinazzi,61.0,68.769,12.0,Styria,0.76,0.68,0.52,3.0,0,300,0,26.0,Sunny
Antonio Giovinazzi,62.0,68.84,12.0,Styria,0.76,0.68,0.52,3.0,0,300,0,26.0,Sunny
Antonio Giovinazzi,63.0,68.832,12.0,Styria,0.76,0.68,0.52,3.0,0,300,0,26.0,Sunny
Antonio Giovinazzi,64.0,68.834,12.0,Styria,0.76,0.68,0.52,3.0,0,300,0,26.0,Sunny
Antonio Giovinazzi,65.0,68.987,12.0,Styria,0.76,0.68,0.52,3.0,0,300,0,26.0,Sunny
Antonio Giovinazzi,66.0,68.548,12.0,Styria,0.76,0.68,0.52,3.0,0,300,0,26.0,Sunny
Antonio Giovinazzi,67.0,68.657,12.0,Styria,0.76,0.68,0.52,3.0,0,300,0,26.0,Sunny
Antonio Giovinazzi,68.0,72.038,14.0,Styria,0.76,0.68,0.52,3.0,0,300,0,26.0,Sunny
Antonio Giovinazzi,69.0,70.254,14.0,Styria,0.76,0.68,0.52,3.0,0,300,0,26.0,Sunny
Antonio Giovinazzi,70.0,70.651,14.0,Styria,0.76,0.68,0.52,3.0,0,300,0,26.0,Sunny
Pierre Gasly,1.0,92.014,8.0,Styria,0.86,0.96,0.57,3.0,0,400,0,24.0,Sunny
Pierre Gasly,2.0,119.258,8.0,Styria,0.86,0.96,0.57,3.0,0,400,0,24.0,Sunny
Pierre Gasly,3.0,103.394,8.0,Styria,0.86,0.96,0.57,3.0,0,400,0,24.0,Sunny
Pierre Gasly,4.0,71.853,8.0,Styria,0.86,0.96,0.57,3.0,0,400,0,24.0,Sunny
Pierre Gasly,5.0,71.277,8.0,Styria,0.86,0.96,0.57,3.0,0,400,0,24.0,Sunny
Pierre Gasly,6.0,70.616,8.0,Styria,0.86,0.96,0.57,3.0,0,400,0,24.0,Sunny
Pierre Gasly,7.0,70.356,8.0,Styria,0.86,0.96,0.57,3.0,0,400,0,24.0,Sunny
Pierre Gasly,8.0,70.408,8.0,Styria,0.86,0.96,0.57,3.0,0,400,0,24.0,Sunny
Pierre Gasly,9.0,70.42,8.0,Styria,0.86,0.96,0.57,3.0,0,400,0,24.0,Sunny
Pierre Gasly,10.0,70.398,8.0,Styria,0.86,0.96,0.57,3.0,0,400,0,24.0,Sunny
Pierre Gasly,11.0,70.278,8.0,Styria,0.86,0.96,0.57,3.0,0,400,0,24.0,Sunny
Pierre Gasly,12.0,69.821,8.0,Styria,0.86,0.96,0.57,3.0,0,400,0,24.0,Sunny
Pierre Gasly,13.0,69.988,8.0,Styria,0.86,0.96,0.57,3.0,0,400,0,24.0,Sunny
Pierre Gasly,14.0,69.871,8.0,Styria,0.86,0.96,0.57,3.0,0,400,0,24.0,Sunny
Pierre Gasly,15.0,70.045,8.0,Styria,0.86,0.96,0.57,3.0,0,400,0,24.0,Sunny
Pierre Gasly,16.0,70.686,8.0,Styria,0.86,0.96,0.57,3.0,0,400,0,24.0,Sunny
Pierre Gasly,17.0,71.317,9.0,Styria,0.86,0.96,0.57,3.0,0,400,0,24.0,Sunny
Pierre Gasly,18.0,71.253,10.0,Styria,0.86,0.96,0.57,3.0,0,400,0,24.0,Sunny
Pierre Gasly,19.0,70.388,10.0,Styria,0.86,0.96,0.57,3.0,0,400,0,24.0,Sunny
Pierre Gasly,20.0,70.178,10.0,Styria,0.86,0.96,0.57,3.0,0,400,0,24.0,Sunny
Pierre Gasly,21.0,70.996,11.0,Styria,0.86,0.96,0.57,3.0,0,400,0,24.0,Sunny
Pierre Gasly,22.0,70.364,11.0,Styria,0.86,0.96,0.57,3.0,0,400,0,24.0,Sunny
Pierre Gasly,23.0,70.562,11.0,Styria,0.86,0.96,0.57,3.0,0,400,0,24.0,Sunny
Pierre Gasly,24.0,73.884,13.0,Styria,0.86,0.96,0.57,3.0,0,400,0,24.0,Sunny
Pierre Gasly,25.0,87.546,18.0,Styria,0.86,0.96,0.57,3.0,0,400,0,24.0,Sunny
Pierre Gasly,26.0,70.037,17.0,Styria,0.86,0.96,0.57,3.0,0,400,0,24.0,Sunny
Pierre Gasly,27.0,69.682,17.0,Styria,0.86,0.96,0.57,3.0,0,400,0,24.0,Sunny
Pierre Gasly,28.0,69.744,17.0,Styria,0.86,0.96,0.57,3.0,0,400,0,24.0,Sunny
Pierre Gasly,29.0,69.769,17.0,Styria,0.86,0.96,0.57,3.0,0,400,0,24.0,Sunny
Pierre Gasly,30.0,69.88,17.0,Styria,0.86,0.96,0.57,3.0,0,400,0,24.0,Sunny
Pierre Gasly,31.0,70.114,17.0,Styria,0.86,0.96,0.57,3.0,0,400,0,24.0,Sunny
Pierre Gasly,32.0,69.235,14.0,Styria,0.86,0.96,0.57,3.0,0,400,0,24.0,Sunny
Pierre Gasly,33.0,69.705,14.0,Styria,0.86,0.96,0.57,3.0,0,400,0,24.0,Sunny
Pierre Gasly,34.0,69.822,14.0,Styria,0.86,0.96,0.57,3.0,0,400,0,24.0,Sunny
Pierre Gasly,35.0,69.49,14.0,Styria,0.86,0.96,0.57,3.0,0,400,0,24.0,Sunny
Pierre Gasly,36.0,69.492,14.0,Styria,0.86,0.96,0.57,3.0,0,400,0,24.0,Sunny
Pierre Gasly,37.0,69.524,13.0,Styria,0.86,0.96,0.57,3.0,0,400,0,24.0,Sunny
Pierre Gasly,38.0,69.584,12.0,Styria,0.86,0.96,0.57,3.0,0,400,0,24.0,Sunny
Pierre Gasly,39.0,69.364,12.0,Styria,0.86,0.96,0.57,3.0,0,400,0,24.0,Sunny
Pierre Gasly,40.0,70.421,11.0,Styria,0.86,0.96,0.57,3.0,0,400,0,24.0,Sunny
Pierre Gasly,41.0,69.458,11.0,Styria,0.86,0.96,0.57,3.0,0,400,0,24.0,Sunny
Pierre Gasly,42.0,69.287,11.0,Styria,0.86,0.96,0.57,3.0,0,400,0,24.0,Sunny
Pierre Gasly,43.0,70.611,11.0,Styria,0.86,0.96,0.57,3.0,0,400,0,24.0,Sunny
Pierre Gasly,44.0,69.601,11.0,Styria,0.86,0.96,0.57,3.0,0,400,0,24.0,Sunny
Pierre Gasly,45.0,70.43,11.0,Styria,0.86,0.96,0.57,3.0,0,400,0,24.0,Sunny
Pierre Gasly,46.0,69.025,11.0,Styria,0.86,0.96,0.57,3.0,0,400,0,24.0,Sunny
Pierre Gasly,47.0,72.273,12.0,Styria,0.86,0.96,0.57,3.0,0,400,0,24.0,Sunny
Pierre Gasly,48.0,71.118,13.0,Styria,0.86,0.96,0.57,3.0,0,400,0,24.0,Sunny
Pierre Gasly,49.0,73.562,15.0,Styria,0.86,0.96,0.57,3.0,0,400,0,24.0,Sunny
Pierre Gasly,50.0,86.787,17.0,Styria,0.86,0.96,0.57,3.0,0,400,0,24.0,Sunny
Pierre Gasly,51.0,68.482,17.0,Styria,0.86,0.96,0.57,3.0,0,400,0,24.0,Sunny
Pierre Gasly,52.0,68.565,17.0,Styria,0.86,0.96,0.57,3.0,0,400,0,24.0,Sunny
Pierre Gasly,53.0,69.696,17.0,Styria,0.86,0.96,0.57,3.0,0,400,0,24.0,Sunny
Pierre Gasly,54.0,68.426,16.0,Styria,0.86,0.96,0.57,3.0,0,400,0,24.0,Sunny
Pierre Gasly,55.0,68.226,15.0,Styria,0.86,0.96,0.57,3.0,0,400,0,24.0,Sunny
Pierre Gasly,56.0,68.887,15.0,Styria,0.86,0.96,0.57,3.0,0,400,0,24.0,Sunny
Pierre Gasly,57.0,71.008,15.0,Styria,0.86,0.96,0.57,3.0,0,400,0,24.0,Sunny
Pierre Gasly,58.0,68.541,15.0,Styria,0.86,0.96,0.57,3.0,0,400,0,24.0,Sunny
Pierre Gasly,59.0,68.638,15.0,Styria,0.86,0.96,0.57,3.0,0,400,0,24.0,Sunny
Pierre Gasly,60.0,68.247,15.0,Styria,0.86,0.96,0.57,3.0,0,400,0,24.0,Sunny
Pierre Gasly,61.0,68.269,15.0,Styria,0.86,0.96,0.57,3.0,0,400,0,24.0,Sunny
Pierre Gasly,62.0,68.359,15.0,Styria,0.86,0.96,0.57,3.0,0,400,0,24.0,Sunny
Pierre Gasly,63.0,68.405,15.0,Styria,0.86,0.96,0.57,3.0,0,400,0,24.0,Sunny
Pierre Gasly,64.0,68.42,15.0,Styria,0.86,0.96,0.57,3.0,0,400,0,24.0,Sunny
Pierre Gasly,65.0,68.321,15.0,Styria,0.86,0.96,0.57,3.0,0,400,0,24.0,Sunny
Pierre Gasly,66.0,68.095,15.0,Styria,0.86,0.96,0.57,3.0,0,400,0,24.0,Sunny
Pierre Gasly,67.0,68.276,15.0,Styria,0.86,0.96,0.57,3.0,0,400,0,24.0,Sunny
Pierre Gasly,68.0,68.263,15.0,Styria,0.86,0.96,0.57,3.0,0,400,0,24.0,Sunny
Pierre Gasly,69.0,67.827,15.0,Styria,0.86,0.96,0.57,3.0,0,400,0,24.0,Sunny
Pierre Gasly,70.0,71.033,15.0,Styria,0.86,0.96,0.57,3.0,0,400,0,24.0,Sunny
George Russell,1.0,96.361,12.0,Styria,0.69,0.93,0.57,1.0,9,700,0,22.0,Sunny
George Russell,2.0,119.302,11.0,Styria,0.69,0.93,0.57,1.0,9,700,0,22.0,Sunny
George Russell,3.0,99.88,11.0,Styria,0.69,0.93,0.57,1.0,9,700,0,22.0,Sunny
George Russell,4.0,79.394,18.0,Styria,0.69,0.93,0.57,1.0,9,700,0,22.0,Sunny
George Russell,5.0,71.908,18.0,Styria,0.69,0.93,0.57,1.0,9,700,0,22.0,Sunny
George Russell,6.0,70.766,18.0,Styria,0.69,0.93,0.57,1.0,9,700,0,22.0,Sunny
George Russell,7.0,71.044,18.0,Styria,0.69,0.93,0.57,1.0,9,700,0,22.0,Sunny
George Russell,8.0,70.897,18.0,Styria,0.69,0.93,0.57,1.0,9,700,0,22.0,Sunny
George Russell,9.0,71.027,18.0,Styria,0.69,0.93,0.57,1.0,9,700,0,22.0,Sunny
George Russell,10.0,71.227,18.0,Styria,0.69,0.93,0.57,1.0,9,700,0,22.0,Sunny
George Russell,11.0,70.677,18.0,Styria,0.69,0.93,0.57,1.0,9,700,0,22.0,Sunny
George Russell,12.0,70.641,18.0,Styria,0.69,0.93,0.57,1.0,9,700,0,22.0,Sunny
George Russell,13.0,70.716,18.0,Styria,0.69,0.93,0.57,1.0,9,700,0,22.0,Sunny
George Russell,14.0,70.775,18.0,Styria,0.69,0.93,0.57,1.0,9,700,0,22.0,Sunny
George Russell,15.0,70.546,18.0,Styria,0.69,0.93,0.57,1.0,9,700,0,22.0,Sunny
George Russell,16.0,70.553,18.0,Styria,0.69,0.93,0.57,1.0,9,700,0,22.0,Sunny
George Russell,17.0,70.631,18.0,Styria,0.69,0.93,0.57,1.0,9,700,0,22.0,Sunny
George Russell,18.0,70.853,18.0,Styria,0.69,0.93,0.57,1.0,9,700,0,22.0,Sunny
George Russell,19.0,70.707,18.0,Styria,0.69,0.93,0.57,1.0,9,700,0,22.0,Sunny
George Russell,20.0,70.923,18.0,Styria,0.69,0.93,0.57,1.0,9,700,0,22.0,Sunny
George Russell,21.0,70.655,18.0,Styria,0.69,0.93,0.57,1.0,9,700,0,22.0,Sunny
George Russell,22.0,70.921,18.0,Styria,0.69,0.93,0.57,1.0,9,700,0,22.0,Sunny
George Russell,23.0,70.776,18.0,Styria,0.69,0.93,0.57,1.0,9,700,0,22.0,Sunny
George Russell,24.0,70.659,18.0,Styria,0.69,0.93,0.57,1.0,9,700,0,22.0,Sunny
George Russell,25.0,70.583,17.0,Styria,0.69,0.93,0.57,1.0,9,700,0,22.0,Sunny
George Russell,26.0,70.998,16.0,Styria,0.69,0.93,0.57,1.0,9,700,0,22.0,Sunny
George Russell,27.0,70.373,16.0,Styria,0.69,0.93,0.57,1.0,9,700,0,22.0,Sunny
George Russell,28.0,70.482,16.0,Styria,0.69,0.93,0.57,1.0,9,700,0,22.0,Sunny
George Russell,29.0,70.469,16.0,Styria,0.69,0.93,0.57,1.0,9,700,0,22.0,Sunny
George Russell,30.0,70.349,16.0,Styria,0.69,0.93,0.57,1.0,9,700,0,22.0,Sunny
George Russell,31.0,70.517,16.0,Styria,0.69,0.93,0.57,1.0,9,700,0,22.0,Sunny
George Russell,32.0,71.191,15.0,Styria,0.69,0.93,0.57,1.0,9,700,0,22.0,Sunny
George Russell,33.0,71.693,15.0,Styria,0.69,0.93,0.57,1.0,9,700,0,22.0,Sunny
George Russell,34.0,73.865,16.0,Styria,0.69,0.93,0.57,1.0,9,700,0,22.0,Sunny
George Russell,35.0,86.229,17.0,Styria,0.69,0.93,0.57,1.0,9,700,0,22.0,Sunny
George Russell,36.0,68.601,17.0,Styria,0.69,0.93,0.57,1.0,9,700,0,22.0,Sunny
George Russell,37.0,68.844,17.0,Styria,0.69,0.93,0.57,1.0,9,700,0,22.0,Sunny
George Russell,38.0,68.871,17.0,Styria,0.69,0.93,0.57,1.0,9,700,0,22.0,Sunny
George Russell,39.0,69.329,17.0,Styria,0.69,0.93,0.57,1.0,9,700,0,22.0,Sunny
George Russell,40.0,69.89,17.0,Styria,0.69,0.93,0.57,1.0,9,700,0,22.0,Sunny
George Russell,41.0,69.924,17.0,Styria,0.69,0.93,0.57,1.0,9,700,0,22.0,Sunny
George Russell,42.0,70.063,17.0,Styria,0.69,0.93,0.57,1.0,9,700,0,22.0,Sunny
George Russell,43.0,69.909,17.0,Styria,0.69,0.93,0.57,1.0,9,700,0,22.0,Sunny
George Russell,44.0,69.797,17.0,Styria,0.69,0.93,0.57,1.0,9,700,0,22.0,Sunny
George Russell,45.0,70.222,17.0,Styria,0.69,0.93,0.57,1.0,9,700,0,22.0,Sunny
George Russell,46.0,69.752,17.0,Styria,0.69,0.93,0.57,1.0,9,700,0,22.0,Sunny
George Russell,47.0,69.594,17.0,Styria,0.69,0.93,0.57,1.0,9,700,0,22.0,Sunny
George Russell,48.0,69.733,17.0,Styria,0.69,0.93,0.57,1.0,9,700,0,22.0,Sunny
George Russell,49.0,69.617,17.0,Styria,0.69,0.93,0.57,1.0,9,700,0,22.0,Sunny
George Russell,50.0,69.238,16.0,Styria,0.69,0.93,0.57,1.0,9,700,0,22.0,Sunny
George Russell,51.0,69.787,16.0,Styria,0.69,0.93,0.57,1.0,9,700,0,22.0,Sunny
George Russell,52.0,69.49,16.0,Styria,0.69,0.93,0.57,1.0,9,700,0,22.0,Sunny
George Russell,53.0,68.865,15.0,Styria,0.69,0.93,0.57,1.0,9,700,0,22.0,Sunny
George Russell,54.0,69.285,15.0,Styria,0.69,0.93,0.57,1.0,9,700,0,22.0,Sunny
George Russell,55.0,70.261,16.0,Styria,0.69,0.93,0.57,1.0,9,700,0,22.0,Sunny
George Russell,56.0,70.777,16.0,Styria,0.69,0.93,0.57,1.0,9,700,0,22.0,Sunny
George Russell,57.0,69.293,16.0,Styria,0.69,0.93,0.57,1.0,9,700,0,22.0,Sunny
George Russell,58.0,69.216,16.0,Styria,0.69,0.93,0.57,1.0,9,700,0,22.0,Sunny
George Russell,59.0,68.992,16.0,Styria,0.69,0.93,0.57,1.0,9,700,0,22.0,Sunny
George Russell,60.0,68.752,16.0,Styria,0.69,0.93,0.57,1.0,9,700,0,22.0,Sunny
George Russell,61.0,68.932,16.0,Styria,0.69,0.93,0.57,1.0,9,700,0,22.0,Sunny
George Russell,62.0,68.807,16.0,Styria,0.69,0.93,0.57,1.0,9,700,0,22.0,Sunny
George Russell,63.0,68.974,16.0,Styria,0.69,0.93,0.57,1.0,9,700,0,22.0,Sunny
George Russell,64.0,71.183,16.0,Styria,0.69,0.93,0.57,1.0,9,700,0,22.0,Sunny
George Russell,65.0,70.104,16.0,Styria,0.69,0.93,0.57,1.0,9,700,0,22.0,Sunny
George Russell,66.0,69.228,16.0,Styria,0.69,0.93,0.57,1.0,9,700,0,22.0,Sunny
George Russell,67.0,69.006,16.0,Styria,0.69,0.93,0.57,1.0,9,700,0,22.0,Sunny
George Russell,68.0,70.964,16.0,Styria,0.69,0.93,0.57,1.0,9,700,0,22.0,Sunny
George Russell,69.0,68.942,16.0,Styria,0.69,0.93,0.57,1.0,9,700,0,22.0,Sunny
Nicholas Latifi,1.0,102.19,18.0,Styria,0.72,0.75,0.51,0.0,9,700,0,25.0,Sunny
Nicholas Latifi,2.0,120.019,16.0,Styria,0.72,0.75,0.51,0.0,9,700,0,25.0,Sunny
Nicholas Latifi,3.0,95.889,16.0,Styria,0.72,0.75,0.51,0.0,9,700,0,25.0,Sunny
Nicholas Latifi,4.0,72.803,15.0,Styria,0.72,0.75,0.51,0.0,9,700,0,25.0,Sunny
Nicholas Latifi,5.0,71.741,15.0,Styria,0.72,0.75,0.51,0.0,9,700,0,25.0,Sunny
Nicholas Latifi,6.0,70.998,15.0,Styria,0.72,0.75,0.51,0.0,9,700,0,25.0,Sunny
Nicholas Latifi,7.0,72.441,16.0,Styria,0.72,0.75,0.51,0.0,9,700,0,25.0,Sunny
Nicholas Latifi,8.0,71.098,16.0,Styria,0.72,0.75,0.51,0.0,9,700,0,25.0,Sunny
Nicholas Latifi,9.0,70.644,16.0,Styria,0.72,0.75,0.51,0.0,9,700,0,25.0,Sunny
Nicholas Latifi,10.0,72.222,17.0,Styria,0.72,0.75,0.51,0.0,9,700,0,25.0,Sunny
Nicholas Latifi,11.0,70.384,17.0,Styria,0.72,0.75,0.51,0.0,9,700,0,25.0,Sunny
Nicholas Latifi,12.0,70.628,17.0,Styria,0.72,0.75,0.51,0.0,9,700,0,25.0,Sunny
Nicholas Latifi,13.0,70.818,17.0,Styria,0.72,0.75,0.51,0.0,9,700,0,25.0,Sunny
Nicholas Latifi,15.0,70.794,17.0,Styria,0.72,0.75,0.51,0.0,9,700,0,25.0,Sunny
Nicholas Latifi,16.0,70.73,17.0,Styria,0.72,0.75,0.51,0.0,9,700,0,25.0,Sunny
Nicholas Latifi,17.0,70.741,17.0,Styria,0.72,0.75,0.51,0.0,9,700,0,25.0,Sunny
Nicholas Latifi,18.0,70.762,17.0,Styria,0.72,0.75,0.51,0.0,9,700,0,25.0,Sunny
Nicholas Latifi,19.0,70.796,17.0,Styria,0.72,0.75,0.51,0.0,9,700,0,25.0,Sunny
Nicholas Latifi,20.0,70.845,17.0,Styria,0.72,0.75,0.51,0.0,9,700,0,25.0,Sunny
Nicholas Latifi,21.0,70.688,17.0,Styria,0.72,0.75,0.51,0.0,9,700,0,25.0,Sunny
Nicholas Latifi,22.0,70.609,17.0,Styria,0.72,0.75,0.51,0.0,9,700,0,25.0,Sunny
Nicholas Latifi,23.0,70.537,17.0,Styria,0.72,0.75,0.51,0.0,9,700,0,25.0,Sunny
Nicholas Latifi,24.0,70.942,17.0,Styria,0.72,0.75,0.51,0.0,9,700,0,25.0,Sunny
Nicholas Latifi,25.0,70.808,16.0,Styria,0.72,0.75,0.51,0.0,9,700,0,25.0,Sunny
Nicholas Latifi,26.0,70.772,15.0,Styria,0.72,0.75,0.51,0.0,9,700,0,25.0,Sunny
Nicholas Latifi,27.0,70.222,15.0,Styria,0.72,0.75,0.51,0.0,9,700,0,25.0,Sunny
Nicholas Latifi,28.0,70.268,15.0,Styria,0.72,0.75,0.51,0.0,9,700,0,25.0,Sunny
Nicholas Latifi,29.0,70.368,15.0,Styria,0.72,0.75,0.51,0.0,9,700,0,25.0,Sunny
Nicholas Latifi,30.0,70.475,15.0,Styria,0.72,0.75,0.51,0.0,9,700,0,25.0,Sunny
Nicholas Latifi,31.0,70.545,15.0,Styria,0.72,0.75,0.51,0.0,9,700,0,25.0,Sunny
Nicholas Latifi,32.0,74.284,16.0,Styria,0.72,0.75,0.51,0.0,9,700,0,25.0,Sunny
Nicholas Latifi,33.0,86.838,17.0,Styria,0.72,0.75,0.51,0.0,9,700,0,25.0,Sunny
Nicholas Latifi,34.0,69.489,17.0,Styria,0.72,0.75,0.51,0.0,9,700,0,25.0,Sunny
Nicholas Latifi,35.0,69.775,16.0,Styria,0.72,0.75,0.51,0.0,9,700,0,25.0,Sunny
Nicholas Latifi,36.0,70.957,16.0,Styria,0.72,0.75,0.51,0.0,9,700,0,25.0,Sunny
Nicholas Latifi,37.0,69.614,16.0,Styria,0.72,0.75,0.51,0.0,9,700,0,25.0,Sunny
Nicholas Latifi,38.0,69.28,16.0,Styria,0.72,0.75,0.51,0.0,9,700,0,25.0,Sunny
Nicholas Latifi,39.0,69.519,16.0,Styria,0.72,0.75,0.51,0.0,9,700,0,25.0,Sunny
Nicholas Latifi,40.0,70.059,16.0,Styria,0.72,0.75,0.51,0.0,9,700,0,25.0,Sunny
Nicholas Latifi,41.0,69.826,16.0,Styria,0.72,0.75,0.51,0.0,9,700,0,25.0,Sunny
Nicholas Latifi,42.0,69.778,16.0,Styria,0.72,0.75,0.51,0.0,9,700,0,25.0,Sunny
Nicholas Latifi,43.0,69.863,16.0,Styria,0.72,0.75,0.51,0.0,9,700,0,25.0,Sunny
Nicholas Latifi,44.0,69.952,16.0,Styria,0.72,0.75,0.51,0.0,9,700,0,25.0,Sunny
Nicholas Latifi,45.0,70.083,16.0,Styria,0.72,0.75,0.51,0.0,9,700,0,25.0,Sunny
Nicholas Latifi,46.0,69.653,16.0,Styria,0.72,0.75,0.51,0.0,9,700,0,25.0,Sunny
Nicholas Latifi,47.0,69.709,16.0,Styria,0.72,0.75,0.51,0.0,9,700,0,25.0,Sunny
Nicholas Latifi,48.0,69.712,16.0,Styria,0.72,0.75,0.51,0.0,9,700,0,25.0,Sunny
Nicholas Latifi,49.0,69.703,16.0,Styria,0.72,0.75,0.51,0.0,9,700,0,25.0,Sunny
Nicholas Latifi,50.0,69.378,15.0,Styria,0.72,0.75,0.51,0.0,9,700,0,25.0,Sunny
Nicholas Latifi,51.0,69.748,15.0,Styria,0.72,0.75,0.51,0.0,9,700,0,25.0,Sunny
Nicholas Latifi,52.0,69.652,15.0,Styria,0.72,0.75,0.51,0.0,9,700,0,25.0,Sunny
Nicholas Latifi,53.0,70.702,16.0,Styria,0.72,0.75,0.51,0.0,9,700,0,25.0,Sunny
Nicholas Latifi,54.0,70.323,17.0,Styria,0.72,0.75,0.51,0.0,9,700,0,25.0,Sunny
Nicholas Latifi,55.0,70.839,17.0,Styria,0.72,0.75,0.51,0.0,9,700,0,25.0,Sunny
Nicholas Latifi,56.0,69.743,17.0,Styria,0.72,0.75,0.51,0.0,9,700,0,25.0,Sunny
Nicholas Latifi,57.0,69.492,17.0,Styria,0.72,0.75,0.51,0.0,9,700,0,25.0,Sunny
Nicholas Latifi,58.0,69.219,17.0,Styria,0.72,0.75,0.51,0.0,9,700,0,25.0,Sunny
Nicholas Latifi,59.0,69.387,17.0,Styria,0.72,0.75,0.51,0.0,9,700,0,25.0,Sunny
Nicholas Latifi,60.0,68.898,17.0,Styria,0.72,0.75,0.51,0.0,9,700,0,25.0,Sunny
Nicholas Latifi,61.0,71.595,17.0,Styria,0.72,0.75,0.51,0.0,9,700,0,25.0,Sunny
Nicholas Latifi,62.0,69.298,17.0,Styria,0.72,0.75,0.51,0.0,9,700,0,25.0,Sunny
Nicholas Latifi,63.0,70.284,17.0,Styria,0.72,0.75,0.51,0.0,9,700,0,25.0,Sunny
Nicholas Latifi,64.0,70.87,17.0,Styria,0.72,0.75,0.51,0.0,9,700,0,25.0,Sunny
Nicholas Latifi,65.0,69.634,17.0,Styria,0.72,0.75,0.51,0.0,9,700,0,25.0,Sunny
Nicholas Latifi,66.0,68.91,17.0,Styria,0.72,0.75,0.51,0.0,9,700,0,25.0,Sunny
Nicholas Latifi,67.0,69.104,17.0,Styria,0.72,0.75,0.51,0.0,9,700,0,25.0,Sunny
Nicholas Latifi,68.0,68.806,17.0,Styria,0.72,0.75,0.51,0.0,9,700,0,25.0,Sunny
Nicholas Latifi,69.0,68.903,17.0,Styria,0.72,0.75,0.51,0.0,9,700,0,25.0,Sunny
Esteban Ocon,1.0,88.095,6.0,Styria,0.91,0.86,0.58,0.0,0,0,0,23.0,Sunny
Esteban Ocon,2.0,120.919,6.0,Styria,0.91,0.86,0.58,0.0,0,0,0,23.0,Sunny
Esteban Ocon,3.0,104.955,6.0,Styria,0.91,0.86,0.58,0.0,0,0,0,23.0,Sunny
Esteban Ocon,4.0,71.365,6.0,Styria,0.91,0.86,0.58,0.0,0,0,0,23.0,Sunny
Esteban Ocon,5.0,71.043,6.0,Styria,0.91,0.86,0.58,0.0,0,0,0,23.0,Sunny
Esteban Ocon,6.0,70.457,6.0,Styria,0.91,0.86,0.58,0.0,0,0,0,23.0,Sunny
Esteban Ocon,7.0,70.373,6.0,Styria,0.91,0.86,0.58,0.0,0,0,0,23.0,Sunny
Esteban Ocon,8.0,70.514,6.0,Styria,0.91,0.86,0.58,0.0,0,0,0,23.0,Sunny
Esteban Ocon,9.0,70.347,6.0,Styria,0.91,0.86,0.58,0.0,0,0,0,23.0,Sunny
Esteban Ocon,10.0,70.288,6.0,Styria,0.91,0.86,0.58,0.0,0,0,0,23.0,Sunny
Esteban Ocon,11.0,70.006,6.0,Styria,0.91,0.86,0.58,0.0,0,0,0,23.0,Sunny
Esteban Ocon,12.0,69.995,6.0,Styria,0.91,0.86,0.58,0.0,0,0,0,23.0,Sunny
Esteban Ocon,13.0,69.83,6.0,Styria,0.91,0.86,0.58,0.0,0,0,0,23.0,Sunny
Esteban Ocon,14.0,69.819,6.0,Styria,0.91,0.86,0.58,0.0,0,0,0,23.0,Sunny
Esteban Ocon,15.0,69.983,6.0,Styria,0.91,0.86,0.58,0.0,0,0,0,23.0,Sunny
Esteban Ocon,16.0,69.975,6.0,Styria,0.91,0.86,0.58,0.0,0,0,0,23.0,Sunny
Esteban Ocon,17.0,70.295,6.0,Styria,0.91,0.86,0.58,0.0,0,0,0,23.0,Sunny
Esteban Ocon,18.0,70.017,6.0,Styria,0.91,0.86,0.58,0.0,0,0,0,23.0,Sunny
Esteban Ocon,19.0,70.694,7.0,Styria,0.91,0.86,0.58,0.0,0,0,0,23.0,Sunny
Esteban Ocon,20.0,69.672,7.0,Styria,0.91,0.86,0.58,0.0,0,0,0,23.0,Sunny
Esteban Ocon,21.0,69.362,7.0,Styria,0.91,0.86,0.58,0.0,0,0,0,23.0,Sunny
Esteban Ocon,22.0,69.321,7.0,Styria,0.91,0.86,0.58,0.0,0,0,0,23.0,Sunny
Esteban Ocon,23.0,69.681,7.0,Styria,0.91,0.86,0.58,0.0,0,0,0,23.0,Sunny
Esteban Ocon,24.0,69.472,7.0,Styria,0.91,0.86,0.58,0.0,0,0,0,23.0,Sunny
Esteban Ocon,25.0,73.476,9.0,Styria,0.91,0.86,0.58,0.0,0,0,0,23.0,Sunny
Charles Leclerc,1.0,93.572,9.0,Styria,0.91,0.81,0.6,0.0,16,700,1,22.0,Sunny
Charles Leclerc,2.0,135.603,19.0,Styria,0.91,0.81,0.6,0.0,16,700,1,22.0,Sunny
Charles Leclerc,3.0,95.379,19.0,Styria,0.91,0.81,0.6,0.0,16,700,1,22.0,Sunny
Charles Leclerc,4.0,92.548,19.0,Styria,0.91,0.81,0.6,0.0,16,700,1,22.0,Sunny
Sebastian Vettel,1.0,101.037,16.0,Styria,0.87,0.82,0.9,0.0,16,700,1,33.0,Sunny
